seed,arm,model_kind,readout_kind,hidden_neurons,reservoir_threshold,delay_pattern,train_accuracy,test_accuracy,active_edges,delayed_edges,effective_trainable_parameters,allocated_trainable_parameters,initial_hidden_event_rate,final_hidden_event_rate,event_rate_ratio,mean_absolute_ltw_change,lower_ltw_saturation_rate,upper_ltw_saturation_rate,train_seconds,inference_seconds,test_examples_per_second,gain_vs_sparse_linear,gain_vs_mlp_no_delay,gain_vs_base_distance,gain_vs_relevant_control
42,event_count_linear,count,linear,128,1.0,none,0.6025012260912211,0.4668727915194346,0,0,14020,14020,0.0,0.0,0.0,0.0,0.0,0.0,4.192506998999988,0.03565242200011198,63501.99714322042,0.13427561837455831,0.041077738515901074,0.05521201413427562,0.0
42,event_count_mlp,count,mlp,128,1.0,none,0.6868563021088769,0.5225265017667845,0,0,92308,92308,0.0,0.0,0.0,0.0,0.0,0.0,2.97556191700005,0.035579447000031905,63632.24251343675,0.1899293286219082,0.09673144876325096,0.11086572438162551,0.0
42,sparse128_linear_no_delay,sparse,linear,128,1.0,none,0.338155958803335,0.3325971731448763,1212,0,6352,7188,0.359939846048928,0.3709920070828482,1.0307055780437764,0.054461199790239334,0.0016501650679856539,0.033828385174274445,34.816439822999996,0.2706649640000478,8364.584638296961,0.0,-0.09319787985865724,-0.07906360424028269,0.0
42,sparse128_mlp_no_delay,sparse,mlp,128,1.0,none,0.4402893575282001,0.42579505300353354,1212,0,36688,37524,0.359939846048928,0.3561331817202349,0.9894241652585036,0.02573169767856598,0.0,0.0008250825339928269,33.47520059400006,0.4113547250000238,5503.765636823228,0.09319787985865724,0.0,0.014134275618374548,0.09319787985865724
42,sparse128_mlp_distance012,sparse,mlp,128,1.0,distance_0_2,0.4292545365375184,0.411660777385159,1212,348,36688,37524,0.36518703606440406,0.36000939971987855,0.9858219601650581,0.02567490190267563,0.0,0.0033003301359713078,53.05966055400006,0.5294213089999857,4276.3673496188285,0.07906360424028269,-0.014134275618374548,0.0,-0.014134275618374548
42,sparse256_mlp_distance012,sparse,mlp,256,1.0,distance_0_2,0.5807994114762138,0.5468197879858657,1724,689,69968,70292,0.24347759604243424,0.24447362309209872,1.0040908365527434,0.023274051025509834,0.0,0.002320185536518693,52.960056843000075,0.400368010999955,5654.797430857318,0.21422261484098942,0.12102473498233218,0.13515901060070673,0.13515901060070673
42,sparse128_mlp_distance012_threshold1p5,sparse,mlp,128,1.5,distance_0_2,0.5223148602256008,0.45627208480565373,1212,348,36688,37524,0.26385562769515775,0.2656034330175959,1.006624097191732,0.029783230274915695,0.0,0.0033003301359713078,53.548772215999975,0.41168513999991774,5499.348361226865,0.12367491166077743,0.03047703180212019,0.04461130742049474,0.04461130742049474
43,event_count_linear,count,linear,128,1.0,none,0.5929377145659637,0.48939929328621906,0,0,14020,14020,0.0,0.0,0.0,0.0,0.0,0.0,2.9547204210000473,0.03344638699991265,67690.4204931287,0.12720848056537098,0.08568904593639576,0.08083038869257947,0.0
43,event_count_mlp,count,mlp,128,1.0,none,0.6733692986758215,0.5335689045936396,0,0,92308,92308,0.0,0.0,0.0,0.0,0.0,0.0,2.5575663609999992,0.03408669700002065,66418.87302834383,0.17137809187279152,0.1298586572438163,0.125,0.0
43,sparse128_linear_no_delay,sparse,linear,128,1.0,none,0.3578960274644434,0.3621908127208481,1212,0,6352,7188,0.35839137350712563,0.37337895627577816,1.0418190388401034,0.06060948595404625,0.0,0.033828385174274445,34.55382458700001,0.2749121289998584,8235.358724391408,0.0,-0.04151943462897523,-0.046378091872791516,0.0
43,sparse128_mlp_no_delay,sparse,mlp,128,1.0,none,0.44090240313879353,0.4037102473498233,1212,0,36688,37524,0.35839137350712563,0.35533638135283235,0.9914758211828653,0.029143067076802254,0.0,0.004125412553548813,33.27876418799997,0.34808540399990306,6504.150918090867,0.04151943462897523,0.0,-0.004858657243816289,0.04151943462897523
43,sparse128_mlp_distance012,sparse,mlp,128,1.0,distance_0_2,0.45340853359489947,0.4085689045936396,1212,339,36688,37524,0.36233375034568166,0.3586489941543067,0.9898304913967866,0.026453834027051926,0.0,0.004125412553548813,52.33763634000002,0.6376112410000587,3550.752957945093,0.046378091872791516,0.004858657243816289,0.0,0.004858657243816289
43,sparse256_mlp_distance012,sparse,mlp,256,1.0,distance_0_2,0.5778567925453654,0.5340106007067138,1724,679,69968,70292,0.23287761732672635,0.23439449198254428,1.006513612914932,0.022617071866989136,0.0005800463841296732,0.002320185536518693,52.590981629,0.4043779319999885,5598.722929321633,0.17181978798586572,0.1303003533568905,0.1254416961130742,0.1254416961130742
43,sparse128_mlp_distance012_threshold1p5,sparse,mlp,128,1.5,distance_0_2,0.48761647866601276,0.4174028268551237,1212,339,36688,37524,0.26261653885403285,0.2676367868172406,1.0191162673345493,0.031908873468637466,0.0,0.004125412553548813,53.5071102469999,0.4198625129999982,5392.241340679085,0.05521201413427562,0.013692579505300395,0.008833922261484106,0.008833922261484106
44,event_count_linear,count,linear,128,1.0,none,0.6067925453653752,0.4642226148409894,0,0,14020,14020,0.0,0.0,0.0,0.0,0.0,0.0,2.834590323000157,0.03342809400010083,67727.4630133914,0.0706713780918728,0.017667844522968212,0.006183745583038913,0.0
44,event_count_mlp,count,mlp,128,1.0,none,0.693477194703286,0.5013250883392226,0,0,92308,92308,0.0,0.0,0.0,0.0,0.0,0.0,2.555874420000009,0.03490035899994837,64870.392880581814,0.107773851590106,0.054770318021201414,0.043286219081272115,0.0
44,sparse128_linear_no_delay,sparse,linear,128,1.0,none,0.3653751839136832,0.39355123674911663,1212,0,6352,7188,0.343768547364764,0.3560332186230501,1.0356771186669163,0.056632209569215775,0.0016501650679856539,0.03465346619486809,34.19189450800013,0.2928706949999196,7730.373979549649,0.0,-0.05300353356890458,-0.06448763250883388,0.0
44,sparse128_mlp_no_delay,sparse,mlp,128,1.0,none,0.4905590975968612,0.4465547703180212,1212,0,36688,37524,0.343768547364764,0.340405845705275,0.9902181229630618,0.02537272870540619,0.0,0.004950495436787605,33.354921790999924,0.36410610500001894,6217.967699277886,0.05300353356890458,0.0,-0.0114840989399293,0.05300353356890458
44,sparse128_mlp_distance012,sparse,mlp,128,1.0,distance_0_2,0.49865129965669447,0.4580388692579505,1212,345,36688,37524,0.3480663510177666,0.3451270664327979,0.9915553900100539,0.025920430198311806,0.0,0.0066006602719426155,52.36645204599995,0.5877102199999626,3852.238608340253,0.06448763250883388,0.0114840989399293,0.0,0.0114840989399293
44,sparse256_mlp_distance012,sparse,mlp,256,1.0,distance_0_2,0.631436978911231,0.5605123674911661,1724,702,69968,70292,0.22771232798958835,0.22873426278783238,1.0044878325528812,0.02124353125691414,0.0005800463841296732,0.0034802784211933613,52.69965649599999,0.4153035809999892,5451.4338512290815,0.16696113074204944,0.11395759717314485,0.10247349823321555,0.10247349823321555
44,sparse128_mlp_distance012_threshold1p5,sparse,mlp,128,1.5,distance_0_2,0.5465914664051006,0.4584805653710247,1212,345,36688,37524,0.2539731615844969,0.255195105454947,1.004811311017379,0.030320554971694946,0.0,0.00577557785436511,53.42530203199999,0.39534011299997474,5726.714607379456,0.06492932862190809,0.011925795053003507,0.0004416961130742081,0.0004416961130742081
