world,policy,eval_seed,sensor_noise_std,steps,population_size,mean_fitness,best_fitness,mean_food_hits,mean_toxin_hits,survival_rate,cue_action_coverage,oracle_action_agreement,mean_action_magnitude,fitness_per_unit_action
simple,fixed_motor_spiking,43,0.0,480,10000,1.9354000091552734,14.0,6.593199729919434,4.65779972076416,0.785099983215332,0.06667375,0.3724260547316848,0.0677478125,28.567712192261165
simple,fixed_analog_cardinal,43,0.0,480,10000,0.2782000005245209,44.0,97.29229736328125,97.01409912109375,0.5216999650001526,0.74122625,0.2575936946827414,0.74122625,0.37532399928432225
simple,random_cardinal,43,0.0,480,10000,0.45489999651908875,47.0,85.11909484863281,84.66419982910156,0.5295999646186829,1.0,0.25030104166666667,1.0,0.45489999651908875
simple,direct_sensor_oracle,43,0.0,480,10000,5.022200107574463,49.0,34.260498046875,29.238298416137695,0.8034999966621399,1.0,1.0,1.0,5.022200107574463
simple,base_adapter,43,0.0,480,10000,2.3041999340057373,40.0,29.394399642944336,27.090198516845703,0.6733999848365784,1.0,0.6511379166666666,1.0,2.3041999340057373
simple,augmented_adapter,43,0.0,480,10000,3.136199951171875,39.0,22.46099853515625,19.324798583984375,0.7457000017166138,1.0,0.6741629166666666,1.0,3.136199951171875
simple,fixed_motor_spiking,44,0.0,480,10000,2.395699977874756,18.0,10.978300094604492,8.582599639892578,0.7511000037193298,0.071788125,0.35767289738611596,0.07301203776041666,32.81239712465032
simple,fixed_analog_cardinal,44,0.0,480,10000,-0.38089999556541443,42.0,95.07099914550781,95.45189666748047,0.5066999793052673,0.7407835416666667,0.2560636105745015,0.7407835416666667,-0.514185283744883
simple,random_cardinal,44,0.0,480,10000,0.2911999821662903,46.0,84.8677978515625,84.57659912109375,0.5264999866485596,1.0,0.24991583333333334,1.0,0.2911999821662903
simple,direct_sensor_oracle,44,0.0,480,10000,5.289400100708008,42.0,24.25979995727539,18.970399856567383,0.8384000062942505,1.0,1.0,1.0,5.289400100708008
simple,base_adapter,44,0.0,480,10000,2.4113998413085938,41.0,28.050899505615234,25.63949966430664,0.6970999836921692,1.0,0.66485875,1.0,2.4113998413085938
simple,augmented_adapter,44,0.0,480,10000,1.8518999814987183,39.0,23.99720001220703,22.145299911499023,0.6753999590873718,1.0,0.6735483333333333,1.0,1.8518999814987183
simple,fixed_motor_spiking,45,0.0,480,10000,1.3655999898910522,13.0,5.277499675750732,3.9118998050689697,0.7486000061035156,0.059626716355596965,0.4158863483899821,0.06057982421875,22.5421583423543
simple,fixed_analog_cardinal,45,0.0,480,10000,0.40129998326301575,45.0,95.72560119628906,95.32429504394531,0.528499960899353,0.741016875,0.2544448352362646,0.741016875,0.5415530965647924
simple,random_cardinal,45,0.0,480,10000,-0.011899999342858791,43.0,83.93789672851562,83.94979858398438,0.513700008392334,1.0,0.24984083333333335,1.0,-0.011899999342858791
simple,direct_sensor_oracle,45,0.0,480,10000,7.48859977722168,39.0,26.93509864807129,19.44649887084961,0.9055999517440796,1.0,1.0,1.0,7.48859977722168
simple,base_adapter,45,0.0,480,10000,2.263000011444092,37.0,27.66510009765625,25.402099609375,0.6739000082015991,1.0,0.6572775,1.0,2.263000011444092
simple,augmented_adapter,45,0.0,480,10000,2.4326000213623047,36.0,25.368000030517578,22.935400009155273,0.6816999912261963,1.0,0.6830985416666666,1.0,2.4326000213623047
simple,fixed_motor_spiking,46,0.0,480,10000,1.92739999294281,21.0,12.870899200439453,10.943499565124512,0.6926999688148499,0.078023125,0.35335944738605807,0.0792586328125,24.3178556650404
simple,fixed_analog_cardinal,46,0.0,480,10000,0.28349998593330383,46.0,94.50189971923828,94.21839904785156,0.5270999670028687,0.740254375,0.2536619591069624,0.740254375,0.3829764409474835
simple,random_cardinal,46,0.0,480,10000,0.46389999985694885,45.0,85.3783950805664,84.91449737548828,0.5338999629020691,1.0,0.249971875,1.0,0.46389999985694885
simple,direct_sensor_oracle,46,0.0,480,10000,5.7600998878479,46.0,25.37380027770996,19.613698959350586,0.8173999786376953,1.0,1.0,1.0,5.7600998878479
simple,base_adapter,46,0.0,480,10000,2.5638999938964844,45.0,27.162498474121094,24.59859848022461,0.6969999670982361,1.0,0.6500416666666666,1.0,2.5638999938964844
simple,augmented_adapter,46,0.0,480,10000,1.872399926185608,36.0,20.802398681640625,18.93000030517578,0.6916999816894531,1.0,0.6814803117257143,1.0,1.872399926185608
simple,fixed_motor_spiking,47,0.0,480,10000,1.667199969291687,18.0,7.696099758148193,6.028899669647217,0.7226999998092651,0.06225229166666667,0.38076911492548804,0.06318896484375,26.384353239750677
simple,fixed_analog_cardinal,47,0.0,480,10000,-0.11589999496936798,54.0,96.11470031738281,96.23059844970703,0.5101000070571899,0.7410225,0.25139109586191155,0.7410225,-0.15640550046640686
simple,random_cardinal,47,0.0,480,10000,0.11539999395608902,46.0,84.26329803466797,84.14789581298828,0.5267999768257141,1.0,0.24994041666666666,1.0,0.11539999395608902
simple,direct_sensor_oracle,47,0.0,480,10000,3.940699815750122,40.0,26.431299209594727,22.490598678588867,0.7838000059127808,1.0,1.0,1.0,3.940699815750122
simple,base_adapter,47,0.0,480,10000,2.2398998737335205,36.0,30.214799880981445,27.974899291992188,0.6739999651908875,1.0,0.6598210416666667,1.0,2.2398998737335205
simple,augmented_adapter,47,0.0,480,10000,1.830899953842163,38.0,27.574899673461914,25.743999481201172,0.6523000001907349,1.0,0.6691814583333333,1.0,1.830899953842163
simple,fixed_motor_spiking,43,0.05,480,10000,0.7234999537467957,13.0,5.403800010681152,4.680299758911133,0.6504999995231628,0.05897,0.3696865637894975,0.059859889322916665,12.086556823448921
simple,fixed_analog_cardinal,43,0.05,480,10000,0.3068999946117401,49.0,96.89239501953125,96.58549499511719,0.5311999917030334,0.7427608333333333,0.2546254794892479,0.7427608333333333,0.4131881769188693
simple,random_cardinal,43,0.05,480,10000,0.45489999651908875,47.0,85.11909484863281,84.66419982910156,0.5295999646186829,1.0,0.25009770833333334,1.0,0.45489999651908875
simple,direct_sensor_oracle,43,0.05,480,10000,6.658199787139893,45.0,31.061899185180664,24.40369987487793,0.865399956703186,1.0,1.0,1.0,6.658199787139893
simple,base_adapter,43,0.05,480,10000,1.8464999198913574,39.0,30.794300079345703,28.947799682617188,0.649399995803833,1.0,0.6309722916666667,1.0,1.8464999198913574
simple,augmented_adapter,43,0.05,480,10000,2.667799949645996,42.0,30.449899673461914,27.7820987701416,0.702299952507019,1.0,0.6524358333333333,1.0,2.667799949645996
simple,fixed_motor_spiking,44,0.05,480,10000,2.924299955368042,22.0,14.180999755859375,11.256699562072754,0.7595999836921692,0.06784145833333333,0.3206434118763416,0.0690030859375,42.37926341463548
simple,fixed_analog_cardinal,44,0.05,480,10000,-0.01599999889731407,50.0,97.06839752197266,97.08439636230469,0.5137999653816223,0.742740625,0.2533244697635867,0.742740625,-0.021541838912223322
simple,random_cardinal,44,0.05,480,10000,0.2911999821662903,46.0,84.8677978515625,84.57659912109375,0.5264999866485596,1.0,0.24980833333333333,1.0,0.2911999821662903
simple,direct_sensor_oracle,44,0.05,480,10000,5.1265997886657715,49.0,28.889699935913086,23.763099670410156,0.8252999782562256,1.0,1.0,1.0,5.1265997886657715
simple,base_adapter,44,0.05,480,10000,1.9706999063491821,46.0,31.223299026489258,29.252599716186523,0.6383000016212463,1.0,0.63887875,1.0,1.9706999063491821
simple,augmented_adapter,44,0.05,480,10000,2.375499963760376,41.0,30.225399017333984,27.849899291992188,0.668999969959259,1.0,0.64538125,1.0,2.375499963760376
simple,fixed_motor_spiking,45,0.05,480,10000,0.9247999787330627,11.0,2.5759999752044678,1.6511999368667603,0.777999997138977,0.04629625,0.4309024309024309,0.04712477864583333,19.62449491133751
simple,fixed_analog_cardinal,45,0.05,480,10000,0.8108999729156494,41.0,96.50559997558594,95.69469451904297,0.5443999767303467,0.742539375,0.2537887300589278,0.742539375,1.0920632631981966
simple,random_cardinal,45,0.05,480,10000,-0.011899999342858791,43.0,83.93789672851562,83.94979858398438,0.513700008392334,1.0,0.2500672916666667,1.0,-0.011899999342858791
simple,direct_sensor_oracle,45,0.05,480,10000,4.682399749755859,42.0,29.675600051879883,24.993200302124023,0.7942000031471252,1.0,1.0,1.0,4.682399749755859
simple,base_adapter,45,0.05,480,10000,2.0453999042510986,40.0,30.275299072265625,28.22989845275879,0.6491000056266785,1.0,0.6392360416666667,1.0,2.0453999042510986
simple,augmented_adapter,45,0.05,480,10000,2.105599880218506,37.0,28.263399124145508,26.157798767089844,0.6574999690055847,1.0,0.654383125,1.0,2.105599880218506
simple,fixed_motor_spiking,46,0.05,480,10000,1.2235000133514404,13.0,5.806299686431885,4.582799911499023,0.7114999890327454,0.056806875,0.3372501127724417,0.05772454427083333,21.195490216622503
simple,fixed_analog_cardinal,46,0.05,480,10000,0.5002999901771545,46.0,97.82929992675781,97.32899475097656,0.5267999768257141,0.7429008333333333,0.25219858864070016,0.7429008333333333,0.6734411481709486
simple,random_cardinal,46,0.05,480,10000,0.46389999985694885,45.0,85.3783950805664,84.91449737548828,0.5338999629020691,1.0,0.25001645833333336,1.0,0.46389999985694885
simple,direct_sensor_oracle,46,0.05,480,10000,5.781399726867676,47.0,26.703998565673828,20.92259979248047,0.8445999622344971,1.0,1.0,1.0,5.781399726867676
simple,base_adapter,46,0.05,480,10000,2.6651999950408936,40.0,27.676698684692383,25.011499404907227,0.6935999989509583,1.0,0.635545625,1.0,2.6651999950408936
simple,augmented_adapter,46,0.05,480,10000,2.433199882507324,42.0,26.234899520874023,23.801698684692383,0.6949999928474426,1.0,0.6450014583333333,1.0,2.433199882507324
simple,fixed_motor_spiking,47,0.05,480,10000,1.743299961090088,17.0,8.025300025939941,6.2820000648498535,0.7155999541282654,0.06413,0.34389781173657674,0.0651254296875,26.768344860912176
simple,fixed_analog_cardinal,47,0.05,480,10000,-0.282399982213974,42.0,96.34549713134766,96.62789916992188,0.5149999856948853,0.7428710416666666,0.2513668113661495,0.7428710416666666,-0.3801467096905489
simple,random_cardinal,47,0.05,480,10000,0.11539999395608902,46.0,84.26329803466797,84.14789581298828,0.5267999768257141,1.0,0.24995333333333333,1.0,0.11539999395608902
simple,direct_sensor_oracle,47,0.05,480,10000,4.638799667358398,42.0,36.77779769897461,32.138999938964844,0.777899980545044,1.0,1.0,1.0,4.638799667358398
simple,base_adapter,47,0.05,480,10000,1.5774999856948853,38.0,29.670198440551758,28.09269905090332,0.6202999949455261,1.0,0.6358429166666667,1.0,1.5774999856948853
simple,augmented_adapter,47,0.05,480,10000,2.1045000553131104,35.0,30.18579864501953,28.081298828125,0.6489999890327454,1.0,0.6508822916666667,1.0,2.1045000553131104
simple,fixed_motor_spiking,43,0.15,480,10000,-0.10399999469518661,19.0,14.05359935760498,14.157599449157715,0.5329999923706055,0.06527544386476827,0.30860584319007284,0.06632041015625,-1.5681446247115183
simple,fixed_analog_cardinal,43,0.15,480,10000,-0.029099998995661736,45.0,95.99369812011719,96.02279663085938,0.5174999833106995,0.734390625,0.25510918207414024,0.734390625,-0.03962468746882728
simple,random_cardinal,43,0.15,480,10000,0.45489999651908875,47.0,85.11909484863281,84.66419982910156,0.5295999646186829,1.0,0.250140625,1.0,0.45489999651908875
simple,direct_sensor_oracle,43,0.15,480,10000,4.860699653625488,52.0,48.20240020751953,43.341697692871094,0.7487999796867371,1.0,1.0,1.0,4.860699653625488
simple,base_adapter,43,0.15,480,10000,2.726300001144409,45.0,45.80649948120117,43.0802001953125,0.6559999585151672,1.0,0.6050664583333333,1.0,2.726300001144409
simple,augmented_adapter,43,0.15,480,10000,2.8587000370025635,41.0,45.32600021362305,42.46730041503906,0.6656000018119812,1.0,0.6142547916666666,1.0,2.8587000370025635
simple,fixed_motor_spiking,44,0.15,480,10000,1.1897000074386597,13.0,5.533400058746338,4.343699932098389,0.7125999927520752,0.05662561721572764,0.32118233125584067,0.05750348307291667,20.68918166104953
simple,fixed_analog_cardinal,44,0.15,480,10000,0.08549999445676804,45.0,95.79989624023438,95.71440124511719,0.5123000144958496,0.7340758333333334,0.25368291877201604,0.7340758333333334,0.11647297264715116
simple,random_cardinal,44,0.15,480,10000,0.2911999821662903,46.0,84.8677978515625,84.57659912109375,0.5264999866485596,1.0,0.249858125,1.0,0.2911999821662903
simple,direct_sensor_oracle,44,0.15,480,10000,4.747900009155273,49.0,43.72279739379883,38.97489929199219,0.761199951171875,1.0,1.0,1.0,4.747900009155273
simple,base_adapter,44,0.15,480,10000,2.042799949645996,39.0,41.49509811401367,39.45229721069336,0.6259999871253967,1.0,0.6058070833333333,1.0,2.042799949645996
simple,augmented_adapter,44,0.15,480,10000,2.2851998805999756,45.0,39.06010055541992,36.774898529052734,0.6462000012397766,1.0,0.6157229166666667,1.0,2.2851998805999756
simple,fixed_motor_spiking,45,0.15,480,10000,0.865399956703186,14.0,4.723700046539307,3.858299970626831,0.6801999807357788,0.05565719928583185,0.3257821331516653,0.05654146484375,15.305580764394467
simple,fixed_analog_cardinal,45,0.15,480,10000,0.46959999203681946,45.0,95.37950134277344,94.90989685058594,0.5309000015258789,0.7341083333333334,0.2547671211106444,0.7341083333333334,0.6396875920268164
simple,random_cardinal,45,0.15,480,10000,-0.011899999342858791,43.0,83.93789672851562,83.94979858398438,0.513700008392334,1.0,0.25025,1.0,-0.011899999342858791
simple,direct_sensor_oracle,45,0.15,480,10000,4.428499698638916,54.0,45.5364990234375,41.10799789428711,0.7372999787330627,1.0,1.0,1.0,4.428499698638916
simple,base_adapter,45,0.15,480,10000,2.2582998275756836,39.0,46.018898010253906,43.760597229003906,0.6304000020027161,1.0,0.60632125,1.0,2.2582998275756836
simple,augmented_adapter,45,0.15,480,10000,2.0734000205993652,56.0,38.57320022583008,36.49979782104492,0.630899965763092,1.0,0.6171670833333334,1.0,2.0734000205993652
simple,fixed_motor_spiking,46,0.15,480,10000,1.0023999214172363,19.0,11.099800109863281,10.097399711608887,0.6308000087738037,0.06480479166666667,0.30716928725049264,0.06589445963541667,15.212203377390939
simple,fixed_analog_cardinal,46,0.15,480,10000,0.6488999724388123,42.0,97.02909851074219,96.38019561767578,0.5375999808311462,0.7343483333333334,0.25230788522249886,0.7343483333333334,0.8836405599143171
simple,random_cardinal,46,0.15,480,10000,0.46389999985694885,45.0,85.3783950805664,84.91449737548828,0.5338999629020691,1.0,0.2500427083333333,1.0,0.46389999985694885
simple,direct_sensor_oracle,46,0.15,480,10000,6.607699871063232,48.0,34.570098876953125,27.962398529052734,0.8447999954223633,1.0,1.0,1.0,6.607699871063232
simple,base_adapter,46,0.15,480,10000,1.7226999998092651,40.0,43.4197998046875,41.69709777832031,0.6129999756813049,1.0,0.6049322916666666,1.0,1.7226999998092651
simple,augmented_adapter,46,0.15,480,10000,2.512500047683716,39.0,43.58250045776367,41.06999969482422,0.6536999940872192,1.0,0.6128439583333334,1.0,2.512500047683716
simple,fixed_motor_spiking,47,0.15,480,10000,0.17159999907016754,11.0,4.365999698638916,4.194399833679199,0.5974000096321106,0.055732465830622385,0.3201427957310805,0.05665374348958333,3.028926042666869
simple,fixed_analog_cardinal,47,0.15,480,10000,-0.5938000082969666,40.0,95.48789978027344,96.08169555664062,0.5001000165939331,0.7342004166666667,0.25191095074517006,0.7342004166666667,-0.8087710042346065
simple,random_cardinal,47,0.15,480,10000,0.11539999395608902,46.0,84.26329803466797,84.14789581298828,0.5267999768257141,1.0,0.24989479166666667,1.0,0.11539999395608902
simple,direct_sensor_oracle,47,0.15,480,10000,5.088399887084961,44.0,43.36399841308594,38.27560043334961,0.7872999906539917,1.0,1.0,1.0,5.088399887084961
simple,base_adapter,47,0.15,480,10000,2.512500047683716,45.0,45.46820068359375,42.9556999206543,0.6513999700546265,1.0,0.6028789583333334,1.0,2.512500047683716
simple,augmented_adapter,47,0.15,480,10000,2.2296998500823975,40.0,39.40659713745117,37.17689895629883,0.6496999859809875,1.0,0.6137754166666667,1.0,2.2296998500823975
moving_toxins,fixed_motor_spiking,43,0.0,480,10000,-10.535900115966797,20.0,30.965499877929688,41.501399993896484,0.10279999673366547,0.07669854166666666,0.3321635298367798,0.07786054036458333,-135.3175827785456
moving_toxins,fixed_analog_cardinal,43,0.0,480,10000,-0.9982999563217163,39.0,93.4959945678711,94.49430084228516,0.4822999835014343,0.7401470833333333,0.25522995710875035,0.7401470833333333,-1.3487859086409735
moving_toxins,random_cardinal,43,0.0,480,10000,0.2076999992132187,49.0,84.46859741210938,84.26089477539062,0.5299999713897705,1.0,0.25006770833333336,1.0,0.2076999992132187
moving_toxins,direct_sensor_oracle,43,0.0,480,10000,1.1812000274658203,28.0,12.759299278259277,11.578099250793457,0.6620000004768372,1.0,1.0,1.0,1.1812000274658203
moving_toxins,base_adapter,43,0.0,480,10000,1.5203999280929565,41.0,25.099899291992188,23.579500198364258,0.6434000134468079,1.0,0.6552460416666667,1.0,1.5203999280929565
moving_toxins,augmented_adapter,43,0.0,480,10000,1.7305999994277954,41.0,24.068599700927734,22.33799934387207,0.6645999550819397,1.0,0.6656283333333334,1.0,1.7305999994277954
moving_toxins,fixed_motor_spiking,44,0.0,480,10000,-12.581899642944336,17.0,22.671998977661133,35.25389862060547,0.04019999876618385,0.07495333333333333,0.3112825758249578,0.07611149739583334,-165.30879135788913
moving_toxins,fixed_analog_cardinal,44,0.0,480,10000,0.04399999976158142,47.0,94.54959869384766,94.50559997558594,0.5220999717712402,0.7407629166666667,0.25245566085865306,0.7407629166666667,0.05939822144388044
moving_toxins,random_cardinal,44,0.0,480,10000,0.6590999960899353,42.0,84.88959503173828,84.23049926757812,0.5418999791145325,1.0,0.24993041666666665,1.0,0.6590999960899353
moving_toxins,direct_sensor_oracle,44,0.0,480,10000,1.8087999820709229,38.0,25.44099998474121,23.632200241088867,0.6952999830245972,1.0,1.0,1.0,1.8087999820709229
moving_toxins,base_adapter,44,0.0,480,10000,1.7264999151229858,30.0,21.226598739624023,19.500099182128906,0.6884999871253967,1.0,0.654648125,1.0,1.7264999151229858
moving_toxins,augmented_adapter,44,0.0,480,10000,1.7768999338150024,31.0,18.416898727416992,16.639999389648438,0.7042999863624573,1.0,0.6785860416666667,1.0,1.7768999338150024
moving_toxins,fixed_motor_spiking,45,0.0,480,10000,-11.652299880981445,15.0,25.330299377441406,36.98259735107422,0.061400000005960464,0.06996479166666666,0.3358117624638583,0.07092122395833333,-164.29919325457843
moving_toxins,fixed_analog_cardinal,45,0.0,480,10000,-0.23409999907016754,49.0,93.4906005859375,93.72470092773438,0.5058000087738037,0.740341875,0.2552649521997298,0.740341875,-0.31620526539872884
moving_toxins,random_cardinal,45,0.0,480,10000,0.5720999836921692,42.0,84.19609832763672,83.6240005493164,0.5396999716758728,1.0,0.25021645833333334,1.0,0.5720999836921692
moving_toxins,direct_sensor_oracle,45,0.0,480,10000,2.0500998497009277,36.0,19.031599044799805,16.98149871826172,0.7155999541282654,1.0,1.0,1.0,2.0500998497009277
moving_toxins,base_adapter,45,0.0,480,10000,0.7371000051498413,39.0,24.691200256347656,23.954099655151367,0.5935999751091003,1.0,0.65977,1.0,0.7371000051498413
moving_toxins,augmented_adapter,45,0.0,480,10000,1.2760999202728271,49.0,24.910398483276367,23.634300231933594,0.6371999979019165,1.0,0.6742083333333333,1.0,1.2760999202728271
moving_toxins,fixed_motor_spiking,46,0.0,480,10000,-7.092700004577637,22.0,34.6077995300293,41.70050048828125,0.1964000016450882,0.07372583333333334,0.3276723446100982,0.07485682942708333,-94.75020594462268
moving_toxins,fixed_analog_cardinal,46,0.0,480,10000,-0.20520000159740448,44.0,91.07959747314453,91.28479766845703,0.5120999813079834,0.7397140352956887,0.25182588858221144,0.7397160416666667,-0.2774037468959912
moving_toxins,random_cardinal,46,0.0,480,10000,0.46219998598098755,41.0,84.78820037841797,84.32599639892578,0.5346999764442444,1.0,0.25014333333333333,1.0,0.46219998598098755
moving_toxins,direct_sensor_oracle,46,0.0,480,10000,2.103600025177002,49.0,26.34939956665039,24.245800018310547,0.6771999597549438,1.0,1.0,1.0,2.103600025177002
moving_toxins,base_adapter,46,0.0,480,10000,1.688599944114685,37.0,25.698999404907227,24.010398864746094,0.6560999751091003,1.0,0.6560720833333333,1.0,1.688599944114685
moving_toxins,augmented_adapter,46,0.0,480,10000,2.113100051879883,47.0,29.95309829711914,27.84000015258789,0.675599992275238,1.0,0.6649241666666666,1.0,2.113100051879883
moving_toxins,fixed_motor_spiking,47,0.0,480,10000,-6.8877997398376465,20.0,30.644899368286133,37.53269958496094,0.1858000010251999,0.07488895833333334,0.3231645742168266,0.07594948567708333,-90.68922163769098
moving_toxins,fixed_analog_cardinal,47,0.0,480,10000,-0.6482999920845032,44.0,95.60540008544922,96.25370025634766,0.48889997601509094,0.7411995833333334,0.25678531254795856,0.7411995833333334,-0.8746631901342404
moving_toxins,random_cardinal,47,0.0,480,10000,0.6609999537467957,55.0,84.35039520263672,83.68939971923828,0.5393999814987183,1.0,0.24980791666666666,1.0,0.6609999537467957
moving_toxins,direct_sensor_oracle,47,0.0,480,10000,1.382699966430664,33.0,15.887699127197266,14.504999160766602,0.6697999835014343,1.0,1.0,1.0,1.382699966430664
moving_toxins,base_adapter,47,0.0,480,10000,2.0399999618530273,35.0,25.378799438476562,23.33879852294922,0.6703000068664551,1.0,0.6557179166666667,1.0,2.0399999618530273
moving_toxins,augmented_adapter,47,0.0,480,10000,1.8621999025344849,39.0,24.40489959716797,22.542699813842773,0.6811000108718872,1.0,0.676438125,1.0,1.8621999025344849
moving_toxins,fixed_motor_spiking,43,0.05,480,10000,-10.049300193786621,19.0,25.118999481201172,35.16830062866211,0.09259999543428421,0.06845791666666666,0.3010060925507763,0.06935971354166667,-144.8867026786331
moving_toxins,fixed_analog_cardinal,43,0.05,480,10000,-0.15399999916553497,44.0,96.4334945678711,96.58749389648438,0.5098999738693237,0.742796875,0.2548044062068337,0.742796875,-0.20732451138211233
moving_toxins,random_cardinal,43,0.05,480,10000,0.2076999992132187,49.0,84.46859741210938,84.26089477539062,0.5299999713897705,1.0,0.2501464583333333,1.0,0.2076999992132187
moving_toxins,direct_sensor_oracle,43,0.05,480,10000,0.2726999819278717,26.0,10.924200057983398,10.65149974822998,0.5877000093460083,1.0,1.0,1.0,0.2726999819278717
moving_toxins,base_adapter,43,0.05,480,10000,1.9660999774932861,48.0,29.162799835205078,27.196699142456055,0.6678999662399292,1.0,0.6303054166666666,1.0,1.9660999774932861
moving_toxins,augmented_adapter,43,0.05,480,10000,1.4531999826431274,41.0,27.1885986328125,25.73539924621582,0.6326000094413757,1.0,0.6489290203870919,1.0,1.4531999826431274
moving_toxins,fixed_motor_spiking,44,0.05,480,10000,-8.910099983215332,13.0,16.44070053100586,25.350799560546875,0.07519999891519547,0.06361916666666667,0.3242405983521737,0.06447263671875,-138.19971443209312
moving_toxins,fixed_analog_cardinal,44,0.05,480,10000,0.8590999841690063,43.0,97.24430084228516,96.38520050048828,0.5498999953269958,0.7428410416666666,0.2515825363041723,0.7428410416666666,1.1565058148126774
moving_toxins,random_cardinal,44,0.05,480,10000,0.6590999960899353,42.0,84.88959503173828,84.23049926757812,0.5418999791145325,1.0,0.25000625,1.0,0.6590999960899353
moving_toxins,direct_sensor_oracle,44,0.05,480,10000,0.8479999899864197,34.0,12.002399444580078,11.154399871826172,0.6560999751091003,1.0,1.0,1.0,0.8479999899864197
moving_toxins,base_adapter,44,0.05,480,10000,1.636199951171875,33.0,24.276899337768555,22.64069938659668,0.651199996471405,1.0,0.6400420833333333,1.0,1.636199951171875
moving_toxins,augmented_adapter,44,0.05,480,10000,1.6294000148773193,38.0,24.33009910583496,22.700698852539062,0.6536999940872192,1.0,0.6489904166666667,1.0,1.6294000148773193
moving_toxins,fixed_motor_spiking,45,0.05,480,10000,-7.613199710845947,12.0,9.199299812316895,16.8125,0.07840000092983246,0.058814375,0.32751346928365727,0.05957153645833333,-127.79928407874652
moving_toxins,fixed_analog_cardinal,45,0.05,480,10000,0.25540000200271606,50.0,96.12870025634766,95.87329864501953,0.5217999815940857,0.7427297916666666,0.25447203068186247,0.7427297916666666,0.34386664553956425
moving_toxins,random_cardinal,45,0.05,480,10000,0.5720999836921692,42.0,84.19609832763672,83.6240005493164,0.5396999716758728,1.0,0.250104375,1.0,0.5720999836921692
moving_toxins,direct_sensor_oracle,45,0.05,480,10000,1.0794999599456787,35.0,22.30699920654297,21.22749900817871,0.6435999870300293,1.0,1.0,1.0,1.0794999599456787
moving_toxins,base_adapter,45,0.05,480,10000,1.4000999927520752,35.0,30.2466983795166,28.846599578857422,0.6280999779701233,1.0,0.6407277083333334,1.0,1.4000999927520752
moving_toxins,augmented_adapter,45,0.05,480,10000,1.2918999195098877,41.0,23.312299728393555,22.02039909362793,0.6297999620437622,1.0,0.6579347916666667,1.0,1.2918999195098877
moving_toxins,fixed_motor_spiking,46,0.05,480,10000,-7.421999931335449,17.0,18.038999557495117,25.46099853515625,0.13419999182224274,0.065385625,0.3307588632822581,0.06625524088541666,-112.02132589286373
moving_toxins,fixed_analog_cardinal,46,0.05,480,10000,0.8395999670028687,48.0,97.71979522705078,96.88019561767578,0.5418999791145325,0.74293875,0.25203345049193715,0.74293875,1.1301065760843254
moving_toxins,random_cardinal,46,0.05,480,10000,0.46219998598098755,41.0,84.78820037841797,84.32599639892578,0.5346999764442444,1.0,0.25018145833333333,1.0,0.46219998598098755
moving_toxins,direct_sensor_oracle,46,0.05,480,10000,2.5556998252868652,47.0,36.41059875488281,33.85490036010742,0.6865999698638916,1.0,1.0,1.0,2.5556998252868652
moving_toxins,base_adapter,46,0.05,480,10000,2.2284998893737793,41.0,29.79469871520996,27.566200256347656,0.6699999570846558,1.0,0.628031875,1.0,2.2284998893737793
moving_toxins,augmented_adapter,46,0.05,480,10000,1.994399905204773,41.0,31.40989875793457,29.415498733520508,0.6602999567985535,1.0,0.6449910416666667,1.0,1.994399905204773
moving_toxins,fixed_motor_spiking,47,0.05,480,10000,-9.273900032043457,14.0,17.230998992919922,26.504899978637695,0.09449999779462814,0.067029375,0.3069798378198613,0.06793850260416667,-136.50433372187229
moving_toxins,fixed_analog_cardinal,47,0.05,480,10000,0.44369998574256897,47.0,98.6270980834961,98.18339538574219,0.5275999903678894,0.74268625,0.25313852249183283,0.74268625,0.5974258790203386
moving_toxins,random_cardinal,47,0.05,480,10000,0.6609999537467957,55.0,84.35039520263672,83.68939971923828,0.5393999814987183,1.0,0.249885625,1.0,0.6609999537467957
moving_toxins,direct_sensor_oracle,47,0.05,480,10000,2.282899856567383,37.0,30.433300018310547,28.150400161743164,0.6712999939918518,1.0,1.0,1.0,2.282899856567383
moving_toxins,base_adapter,47,0.05,480,10000,1.688599944114685,42.0,26.099998474121094,24.411399841308594,0.6480000019073486,1.0,0.638365,1.0,1.688599944114685
moving_toxins,augmented_adapter,47,0.05,480,10000,1.9723999500274658,56.0,26.3583984375,24.38599967956543,0.6668999791145325,1.0,0.6516485416666666,1.0,1.9723999500274658
moving_toxins,fixed_motor_spiking,43,0.15,480,10000,-9.826899528503418,10.0,15.098999977111816,24.925899505615234,0.05719999969005585,0.05829063714388274,0.28672420879572547,0.05910794270833333,-166.25345221358842
moving_toxins,fixed_analog_cardinal,43,0.15,480,10000,0.7174999713897705,46.0,96.81549835205078,96.0979995727539,0.542199969291687,0.7342308333333334,0.25212438867431564,0.7342308333333334,0.9772130763460226
moving_toxins,random_cardinal,43,0.15,480,10000,0.2076999992132187,49.0,84.46859741210938,84.26089477539062,0.5299999713897705,1.0,0.25014291666666666,1.0,0.2076999992132187
moving_toxins,direct_sensor_oracle,43,0.15,480,10000,1.2276999950408936,34.0,22.053600311279297,20.825899124145508,0.6355999708175659,1.0,1.0,1.0,1.2276999950408936
moving_toxins,base_adapter,43,0.15,480,10000,2.2844998836517334,39.0,44.29859924316406,42.01409912109375,0.6468999981880188,1.0,0.6041316666666666,1.0,2.2844998836517334
moving_toxins,augmented_adapter,43,0.15,480,10000,2.2042999267578125,44.0,37.936397552490234,35.73209762573242,0.6503999829292297,1.0,0.614361875,1.0,2.2042999267578125
moving_toxins,fixed_motor_spiking,44,0.15,480,10000,-9.686800003051758,17.0,18.288599014282227,27.975399017333984,0.07369999587535858,0.0602723293368725,0.29953302201467646,0.06113990234375,-158.43662864538393
moving_toxins,fixed_analog_cardinal,44,0.15,480,10000,0.7831000089645386,44.0,95.96219635009766,95.1791000366211,0.5442999601364136,0.7340285416666666,0.2509257558956183,0.7340285416666666,1.0668522605217114
moving_toxins,random_cardinal,44,0.15,480,10000,0.6590999960899353,42.0,84.88959503173828,84.23049926757812,0.5418999791145325,1.0,0.25007005209792754,1.0,0.6590999960899353
moving_toxins,direct_sensor_oracle,44,0.15,480,10000,2.9626998901367188,44.0,40.153900146484375,37.191200256347656,0.6839999556541443,1.0,1.0,1.0,2.9626998901367188
moving_toxins,base_adapter,44,0.15,480,10000,2.1541998386383057,44.0,42.49089813232422,40.336700439453125,0.6412000060081482,1.0,0.6024522916666667,1.0,2.1541998386383057
moving_toxins,augmented_adapter,44,0.15,480,10000,2.4744999408721924,45.0,40.54459762573242,38.070098876953125,0.6640999913215637,1.0,0.6119491666666667,1.0,2.4744999408721924
moving_toxins,fixed_motor_spiking,45,0.15,480,10000,-9.181599617004395,10.0,13.17919921875,22.36079978942871,0.06499999761581421,0.05697523207301337,0.301446901247253,0.05779701171875,-158.85941753673367
moving_toxins,fixed_analog_cardinal,45,0.15,480,10000,0.28380000591278076,52.0,94.99419403076172,94.71039581298828,0.5260999798774719,0.7338714583333333,0.2539820921181985,0.7338714583333333,0.386716233054366
moving_toxins,random_cardinal,45,0.15,480,10000,0.5720999836921692,42.0,84.19609832763672,83.6240005493164,0.5396999716758728,1.0,0.2500625,1.0,0.5720999836921692
moving_toxins,direct_sensor_oracle,45,0.15,480,10000,3.118499994277954,46.0,42.277000427246094,39.15850067138672,0.6827999949455261,1.0,1.0,1.0,3.118499994277954
moving_toxins,base_adapter,45,0.15,480,10000,1.6036999225616455,37.0,45.16639709472656,43.56269836425781,0.6067000031471252,1.0,0.6068220833333333,1.0,1.6036999225616455
moving_toxins,augmented_adapter,45,0.15,480,10000,2.3812999725341797,38.0,37.15049743652344,34.76919937133789,0.6671000123023987,1.0,0.6184841666666666,1.0,2.3812999725341797
moving_toxins,fixed_motor_spiking,46,0.15,480,10000,-7.743599891662598,25.0,26.797399520874023,34.54100036621094,0.15699999034404755,0.062856875,0.3012233480161611,0.0637814453125,-121.40834773690825
moving_toxins,fixed_analog_cardinal,46,0.15,480,10000,0.8398999571800232,48.0,95.68719482421875,94.84729766845703,0.550599992275238,0.7342897916666666,0.25225224714016464,0.7342897916666666,1.1438262750100967
moving_toxins,random_cardinal,46,0.15,480,10000,0.46219998598098755,41.0,84.78820037841797,84.32599639892578,0.5346999764442444,1.0,0.2501366666666667,1.0,0.46219998598098755
moving_toxins,direct_sensor_oracle,46,0.15,480,10000,2.7326998710632324,58.0,46.638999938964844,43.90629959106445,0.6541999578475952,1.0,1.0,1.0,2.7326998710632324
moving_toxins,base_adapter,46,0.15,480,10000,2.4435999393463135,42.0,46.925697326660156,44.48209762573242,0.6444000005722046,1.0,0.60401,1.0,2.4435999393463135
moving_toxins,augmented_adapter,46,0.15,480,10000,2.4258999824523926,43.0,41.214599609375,38.788700103759766,0.6606000065803528,1.0,0.61482375,1.0,2.4258999824523926
moving_toxins,fixed_motor_spiking,47,0.15,480,10000,-9.519599914550781,13.0,16.716299057006836,26.235898971557617,0.06920000165700912,0.059597328914997236,0.3043972216298979,0.06045424479166667,-157.4678494017514
moving_toxins,fixed_analog_cardinal,47,0.15,480,10000,0.6611999869346619,47.0,97.5929946899414,96.93180084228516,0.5375999808311462,0.7343445833333333,0.2536127737489269,0.7343445833333333,0.9003947219619244
moving_toxins,random_cardinal,47,0.15,480,10000,0.6609999537467957,55.0,84.35039520263672,83.68939971923828,0.5393999814987183,1.0,0.250096875,1.0,0.6609999537467957
moving_toxins,direct_sensor_oracle,47,0.15,480,10000,3.694899797439575,43.0,44.486698150634766,40.79179763793945,0.7127000093460083,1.0,1.0,1.0,3.694899797439575
moving_toxins,base_adapter,47,0.15,480,10000,2.057800054550171,42.0,44.351497650146484,42.293697357177734,0.6258999705314636,1.0,0.6055839583333333,1.0,2.057800054550171
moving_toxins,augmented_adapter,47,0.15,480,10000,1.7563999891281128,42.0,32.76110076904297,31.00469970703125,0.6381999850273132,1.0,0.6132760416666667,1.0,1.7563999891281128
gauntlet,fixed_motor_spiking,43,0.0,480,10000,-0.5626999735832214,6.0,0.555899977684021,1.083299994468689,0.5249999761581421,0.03153014175026786,0.5970335134325283,0.0250779833984375,-22.438007260914002
gauntlet,fixed_analog_cardinal,43,0.0,480,10000,-0.8373000025749207,23.0,20.452598571777344,20.563199996948242,0.4794999957084656,0.7052776745823544,0.2879363348174959,0.6984379166666667,-1.1988180804544246
gauntlet,random_cardinal,43,0.0,480,10000,-1.5606999397277832,21.0,16.363698959350586,17.23539924621582,0.42100000381469727,1.0,0.2499906405917175,1.0,-1.5606999397277832
gauntlet,direct_sensor_oracle,43,0.0,480,10000,1.5200999975204468,17.0,4.753799915313721,3.053499937057495,0.7774999737739563,1.0,1.0,1.0,1.5200999975204468
gauntlet,base_adapter,43,0.0,480,10000,1.080299973487854,21.0,12.73129940032959,11.163999557495117,0.6322000026702881,1.0,0.6642783064101968,1.0,1.080299973487854
gauntlet,augmented_adapter,43,0.0,480,10000,1.3234000205993652,22.0,11.840399742126465,10.041199684143066,0.6621999740600586,1.0,0.6791782220280302,1.0,1.3234000205993652
gauntlet,fixed_motor_spiking,44,0.0,480,10000,-0.7853999733924866,5.0,0.6589999794960022,1.4108999967575073,0.4429999887943268,0.03621902910282969,0.615846348130505,0.02878462890625,-27.285395130522346
gauntlet,fixed_analog_cardinal,44,0.0,480,10000,-0.6735000014305115,21.0,19.71780014038086,19.665300369262695,0.4908999800682068,0.702223322655513,0.2941790795305784,0.6900139583333333,-0.9760672132739027
gauntlet,random_cardinal,44,0.0,480,10000,-1.284999966621399,19.0,16.513700485229492,17.10179901123047,0.44669997692108154,1.0,0.2498242009209979,1.0,-1.284999966621399
gauntlet,direct_sensor_oracle,44,0.0,480,10000,2.596299886703491,18.0,9.3818998336792,6.514800071716309,0.7866999506950378,1.0,1.0,1.0,2.596299886703491
gauntlet,base_adapter,44,0.0,480,10000,1.4249999523162842,20.0,12.997200012207031,11.101999282836914,0.6609999537467957,1.0,0.6657549953745143,1.0,1.4249999523162842
gauntlet,augmented_adapter,44,0.0,480,10000,1.5583999156951904,22.0,13.995999336242676,11.973499298095703,0.668999969959259,1.0,0.6743893993437284,1.0,1.5583999156951904
gauntlet,fixed_motor_spiking,45,0.0,480,10000,-0.44279998540878296,4.0,0.5453999638557434,0.932699978351593,0.5579999685287476,0.03467939692334401,0.6264251994589073,0.0247331787109375,-17.903076292129327
gauntlet,fixed_analog_cardinal,45,0.0,480,10000,-1.3833999633789062,23.0,19.946998596191406,20.604799270629883,0.44259998202323914,0.7002964474484755,0.281307381899831,0.69074375,-2.002768701676861
gauntlet,random_cardinal,45,0.0,480,10000,-1.5550999641418457,19.0,16.07110023498535,16.933799743652344,0.421999990940094,1.0,0.24988852725141578,1.0,-1.5550999641418457
gauntlet,direct_sensor_oracle,45,0.0,480,10000,1.785499930381775,16.0,5.134200096130371,3.179800033569336,0.8027999997138977,1.0,1.0,1.0,1.785499930381775
gauntlet,base_adapter,45,0.0,480,10000,0.7003999948501587,18.0,11.663999557495117,10.568399429321289,0.6096999645233154,1.0,0.6707157229824313,1.0,0.7003999948501587
gauntlet,augmented_adapter,45,0.0,480,10000,1.299799919128418,21.0,10.36829948425293,8.686999320983887,0.6663999557495117,1.0,0.6870150965593538,1.0,1.299799919128418
gauntlet,fixed_motor_spiking,46,0.0,480,10000,-1.3047999143600464,9.0,1.2359999418258667,2.491799831390381,0.34579998254776,0.04063581706716413,0.5272347227345383,0.034246015625,-38.100780208939895
gauntlet,fixed_analog_cardinal,46,0.0,480,10000,-0.2904999852180481,20.0,20.31679916381836,19.897199630737305,0.5144999623298645,0.7101015867318441,0.2917442155735134,0.7020733333333333,-0.4137744184625273
gauntlet,random_cardinal,46,0.0,480,10000,-1.472000002861023,19.0,16.32670021057129,17.11039924621582,0.435699999332428,1.0,0.249858100359188,1.0,-1.472000002861023
gauntlet,direct_sensor_oracle,46,0.0,480,10000,1.191999912261963,14.0,4.346199989318848,2.983799934387207,0.7423999905586243,1.0,1.0,1.0,1.191999912261963
gauntlet,base_adapter,46,0.0,480,10000,1.3733999729156494,22.0,14.420299530029297,12.577199935913086,0.6424999833106995,1.0,0.6571275660204315,1.0,1.3733999729156494
gauntlet,augmented_adapter,46,0.0,480,10000,1.4793999195098877,19.0,10.613699913024902,8.723199844360352,0.6809999942779541,1.0,0.6796616542429899,1.0,1.4793999195098877
gauntlet,fixed_motor_spiking,47,0.0,480,10000,-0.6227999925613403,7.0,0.44189998507499695,1.0343999862670898,0.4723999798297882,0.028473129792117573,0.6126374251701454,0.02094813313802083,-29.730572574553637
gauntlet,fixed_analog_cardinal,47,0.0,480,10000,-0.9584999680519104,22.0,19.789899826049805,20.03809928894043,0.4658999741077423,0.6996169383248566,0.2900713377958882,0.6906625,-1.3877979013655881
gauntlet,random_cardinal,47,0.0,480,10000,-1.17330002784729,22.0,16.573200225830078,17.052799224853516,0.4509999752044678,1.0,0.2500744912285664,1.0,-1.17330002784729
gauntlet,direct_sensor_oracle,47,0.0,480,10000,1.1727999448776245,19.0,3.780900001525879,2.4970998764038086,0.7574999928474426,1.0,1.0,1.0,1.1727999448776245
gauntlet,base_adapter,47,0.0,480,10000,1.2515000104904175,19.0,10.666099548339844,8.995100021362305,0.6602999567985535,1.0,0.6757194282869001,1.0,1.2515000104904175
gauntlet,augmented_adapter,47,0.0,480,10000,1.2958999872207642,21.0,11.915299415588379,10.189099311828613,0.6523000001907349,1.0,0.6722830248801221,1.0,1.2958999872207642
gauntlet,fixed_motor_spiking,43,0.05,480,10000,-0.44029998779296875,6.0,0.5203999876976013,0.9509999752044678,0.552299976348877,0.019661398389674418,0.5648841998004542,0.019961953125,-22.056959308332647
gauntlet,fixed_analog_cardinal,43,0.05,480,10000,-0.670799970626831,22.0,21.35249900817871,21.30729866027832,0.4908999800682068,0.7309694392514796,0.27405291028819395,0.7309614583333334,-0.9176954037444373
gauntlet,random_cardinal,43,0.05,480,10000,-1.5606999397277832,21.0,16.363698959350586,17.23539924621582,0.42100000381469727,1.0,0.24981771079781595,1.0,-1.5606999397277832
gauntlet,direct_sensor_oracle,43,0.05,480,10000,2.084399938583374,17.0,6.491699695587158,4.127599716186523,0.7884999513626099,1.0,1.0,1.0,2.084399938583374
gauntlet,base_adapter,43,0.05,480,10000,1.412500023841858,20.0,12.957900047302246,11.0718994140625,0.6606000065803528,1.0,0.6364000293417201,1.0,1.412500023841858
gauntlet,augmented_adapter,43,0.05,480,10000,1.3878999948501587,21.0,13.416399955749512,11.51349925994873,0.659500002861023,1.0,0.6505637708391203,1.0,1.3878999948501587
gauntlet,fixed_motor_spiking,44,0.05,480,10000,-0.5038999915122986,6.0,0.47429999709129333,0.950499951839447,0.535099983215332,0.018181829565513567,0.5336493761406811,0.018505769856770833,-27.2293449779358
gauntlet,fixed_analog_cardinal,44,0.05,480,10000,-0.7195999622344971,26.0,21.404998779296875,21.390899658203125,0.4870999753475189,0.7318596731323964,0.2752308335746228,0.731858125,-0.9832506296688269
gauntlet,random_cardinal,44,0.05,480,10000,-1.284999966621399,19.0,16.513700485229492,17.10179901123047,0.44669997692108154,1.0,0.25001985517085973,1.0,-1.284999966621399
gauntlet,direct_sensor_oracle,44,0.05,480,10000,2.238499879837036,20.0,8.750299453735352,6.2154998779296875,0.773099958896637,1.0,1.0,1.0,2.238499879837036
gauntlet,base_adapter,44,0.05,480,10000,1.2968000173568726,23.0,14.506199836730957,12.700200080871582,0.6380999684333801,1.0,0.6390509537470599,1.0,1.2968000173568726
gauntlet,augmented_adapter,44,0.05,480,10000,1.4945999383926392,23.0,15.09429931640625,13.119099617004395,0.651699960231781,1.0,0.6472678485441562,1.0,1.4945999383926392
gauntlet,fixed_motor_spiking,45,0.05,480,10000,-0.14669999480247498,4.0,0.5400999784469604,0.656499981880188,0.6771999597549438,0.020594260392232475,0.5580594171766708,0.020929930013020834,-7.009101067763277
gauntlet,fixed_analog_cardinal,45,0.05,480,10000,-1.1274999380111694,25.0,20.06989860534668,20.489500045776367,0.4587000012397766,0.7272627440095638,0.2709926474696505,0.7272489583333334,-1.5503630841838645
gauntlet,random_cardinal,45,0.05,480,10000,-1.5550999641418457,19.0,16.07110023498535,16.933799743652344,0.421999990940094,1.0,0.24995419186635157,1.0,-1.5550999641418457
gauntlet,direct_sensor_oracle,45,0.05,480,10000,1.946199893951416,16.0,7.747900009155273,5.440700054168701,0.753600001335144,1.0,1.0,1.0,1.946199893951416
gauntlet,base_adapter,45,0.05,480,10000,1.0389000177383423,26.0,14.418299674987793,12.934000015258789,0.6211999654769897,1.0,0.6368618968282002,1.0,1.0389000177383423
gauntlet,augmented_adapter,45,0.05,480,10000,1.3700000047683716,21.0,12.034500122070312,10.210899353027344,0.6585999727249146,1.0,0.6531404423236862,1.0,1.3700000047683716
gauntlet,fixed_motor_spiking,46,0.05,480,10000,-0.5936999917030334,6.0,1.0709999799728394,1.6072999238967896,0.48829999566078186,0.027806578926236173,0.49892360199527436,0.028405231119791666,-20.90107942439399
gauntlet,fixed_analog_cardinal,46,0.05,480,10000,-0.5956999659538269,26.0,21.598798751831055,21.461898803710938,0.4893999993801117,0.7337601791560637,0.274546640988959,0.733753125,-0.8118533954507204
gauntlet,random_cardinal,46,0.05,480,10000,-1.472000002861023,19.0,16.32670021057129,17.11039924621582,0.435699999332428,1.0,0.24998717977046994,1.0,-1.472000002861023
gauntlet,direct_sensor_oracle,46,0.05,480,10000,2.360100030899048,18.0,8.504599571228027,5.877599716186523,0.7803999781608582,1.0,1.0,1.0,2.360100030899048
gauntlet,base_adapter,46,0.05,480,10000,1.1125999689102173,23.0,15.404699325561523,13.831299781799316,0.6251999735832214,1.0,0.6411958319164116,1.0,1.1125999689102173
gauntlet,augmented_adapter,46,0.05,480,10000,1.565999984741211,23.0,14.488299369812012,12.426499366760254,0.6586999893188477,1.0,0.6501948290088934,1.0,1.565999984741211
gauntlet,fixed_motor_spiking,47,0.05,480,10000,-0.4448999762535095,4.0,0.3659999966621399,0.7861999869346619,0.5792999863624573,0.013426819450917596,0.5654127156847505,0.013677957356770833,-32.52678485894505
gauntlet,fixed_analog_cardinal,47,0.05,480,10000,-0.7755999565124512,26.0,21.610898971557617,21.671998977661133,0.4843999743461609,0.7321522743112892,0.27376399669196266,0.7321408333333334,-1.0593589664726861
gauntlet,random_cardinal,47,0.05,480,10000,-1.17330002784729,22.0,16.573200225830078,17.052799224853516,0.4509999752044678,1.0,0.2500490925896664,1.0,-1.17330002784729
gauntlet,direct_sensor_oracle,47,0.05,480,10000,2.1303999423980713,19.0,7.07349967956543,4.701699733734131,0.7834999561309814,1.0,1.0,1.0,2.1303999423980713
gauntlet,base_adapter,47,0.05,480,10000,0.8301999568939209,21.0,10.469999313354492,9.173500061035156,0.6259999871253967,1.0,0.6466037059573724,1.0,0.8301999568939209
gauntlet,augmented_adapter,47,0.05,480,10000,1.674299955368042,24.0,12.946700096130371,10.866499900817871,0.674299955368042,1.0,0.6517426173463892,1.0,1.674299955368042
gauntlet,fixed_motor_spiking,43,0.15,480,10000,-0.4778999984264374,3.0,0.335099995136261,0.8086999654769897,0.5541999936103821,0.016122027647306424,0.398932863655201,0.016333968098958332,-29.258046515770687
gauntlet,fixed_analog_cardinal,43,0.15,480,10000,-0.5327999591827393,32.0,22.426898956298828,22.20979881286621,0.495199978351593,0.729427596910597,0.2608408481501352,0.7294270833333333,-0.7304362168017561
gauntlet,random_cardinal,43,0.15,480,10000,-1.5606999397277832,21.0,16.363698959350586,17.23539924621582,0.42100000381469727,1.0,0.24983129916011268,1.0,-1.5606999397277832
gauntlet,direct_sensor_oracle,43,0.15,480,10000,2.1071999073028564,16.0,7.500699996948242,5.093699932098389,0.7718999981880188,1.0,1.0,1.0,2.1071999073028564
gauntlet,base_adapter,43,0.15,480,10000,0.9186999797821045,20.0,15.569899559020996,14.114299774169922,0.6053000092506409,1.0,0.6152892738532784,1.0,0.9186999797821045
gauntlet,augmented_adapter,43,0.15,480,10000,1.0310999155044556,25.0,15.804100036621094,14.24679946899414,0.6141999959945679,1.0,0.6236393864168628,1.0,1.0310999155044556
gauntlet,fixed_motor_spiking,44,0.15,480,10000,-0.3977999985218048,3.0,0.3955000042915344,0.7687999606132507,0.6046000123023987,0.018977801050443503,0.3962000528076043,0.019266297200520834,-20.647454691555932
gauntlet,fixed_analog_cardinal,44,0.15,480,10000,-0.9437999725341797,28.0,21.987699508666992,22.213699340820312,0.47029998898506165,0.7293851109891825,0.26175555843795195,0.7293795833333333,-1.2939764069360498
gauntlet,random_cardinal,44,0.15,480,10000,-1.284999966621399,19.0,16.513700485229492,17.10179901123047,0.44669997692108154,1.0,0.25023603672604294,1.0,-1.284999966621399
gauntlet,direct_sensor_oracle,44,0.15,480,10000,2.0508999824523926,16.0,9.320799827575684,6.9558000564575195,0.743399977684021,1.0,1.0,1.0,2.0508999824523926
gauntlet,base_adapter,44,0.15,480,10000,1.3638999462127686,21.0,17.227399826049805,15.326299667358398,0.6377999782562256,1.0,0.6132803358075284,1.0,1.3638999462127686
gauntlet,augmented_adapter,44,0.15,480,10000,1.5033999681472778,25.0,14.563299179077148,12.574299812316895,0.6548999547958374,1.0,0.6247416621773838,1.0,1.5033999681472778
gauntlet,fixed_motor_spiking,45,0.15,480,10000,-0.42100000381469727,4.0,0.3440999984741211,0.75,0.5859000086784363,0.017845957908802404,0.41980696109973675,0.018069869791666665,-23.298452543850154
gauntlet,fixed_analog_cardinal,45,0.15,480,10000,-1.2918999195098877,22.0,20.902700424194336,21.47599983215332,0.4527999758720398,0.7273593837365142,0.25942106635417356,0.72734125,-1.7761950384498164
gauntlet,random_cardinal,45,0.15,480,10000,-1.5550999641418457,19.0,16.07110023498535,16.933799743652344,0.421999990940094,1.0,0.25004727104812474,1.0,-1.5550999641418457
gauntlet,direct_sensor_oracle,45,0.15,480,10000,1.9615999460220337,18.0,10.164400100708008,7.792500019073486,0.7264999747276306,1.0,1.0,1.0,1.9615999460220337
gauntlet,base_adapter,45,0.15,480,10000,0.9566999673843384,23.0,16.19849967956543,14.722999572753906,0.6115999817848206,1.0,0.6161489093604802,1.0,0.9566999673843384
gauntlet,augmented_adapter,45,0.15,480,10000,1.0131999254226685,27.0,15.011399269104004,13.49959945678711,0.6189000010490417,1.0,0.6257898605652128,1.0,1.0131999254226685
gauntlet,fixed_motor_spiking,46,0.15,480,10000,-0.48659998178482056,5.0,0.44449999928474426,0.9159999489784241,0.5566999912261963,0.019544386009556342,0.4023754592839443,0.0198315869140625,-24.536613428538814
gauntlet,fixed_analog_cardinal,46,0.15,480,10000,-0.6570999622344971,23.0,22.569599151611328,22.517099380493164,0.49049997329711914,0.7300919339555899,0.25968076895851744,0.730076875,-0.9000421527315149
gauntlet,random_cardinal,46,0.15,480,10000,-1.472000002861023,19.0,16.32670021057129,17.11039924621582,0.435699999332428,1.0,0.24999598686192406,1.0,-1.472000002861023
gauntlet,direct_sensor_oracle,46,0.15,480,10000,2.2853000164031982,18.0,10.035799980163574,7.333399772644043,0.7567999958992004,1.0,1.0,1.0,2.2853000164031982
gauntlet,base_adapter,46,0.15,480,10000,0.9871999621391296,22.0,16.394498825073242,14.870599746704102,0.6143999695777893,1.0,0.6183725362629009,1.0,0.9871999621391296
gauntlet,augmented_adapter,46,0.15,480,10000,1.4225000143051147,23.0,15.767699241638184,13.814399719238281,0.6444999575614929,1.0,0.6256038410763016,1.0,1.4225000143051147
gauntlet,fixed_motor_spiking,47,0.15,480,10000,-0.2865000069141388,4.0,0.2757999897003174,0.555899977684021,0.6579999923706055,0.012461601110983492,0.40054966232634526,0.01263313720703125,-22.678452883000503
gauntlet,fixed_analog_cardinal,47,0.15,480,10000,-0.6290000081062317,24.0,21.873699188232422,21.795700073242188,0.4894999861717224,0.729429928681695,0.25998688708177575,0.7294160416666666,-0.8623336644324533
gauntlet,random_cardinal,47,0.15,480,10000,-1.17330002784729,22.0,16.573200225830078,17.052799224853516,0.4509999752044678,1.0,0.25011492498760063,1.0,-1.17330002784729
gauntlet,direct_sensor_oracle,47,0.15,480,10000,1.8697999715805054,19.0,9.200200080871582,6.949899673461914,0.7264999747276306,1.0,1.0,1.0,1.8697999715805054
gauntlet,base_adapter,47,0.15,480,10000,1.3593000173568726,22.0,13.252099990844727,11.38849925994873,0.6561999917030334,1.0,0.615413391397931,1.0,1.3593000173568726
gauntlet,augmented_adapter,47,0.15,480,10000,1.1496999263763428,21.0,12.48740005493164,10.940499305725098,0.6378999948501587,1.0,0.626599995289764,1.0,1.1496999263763428
