seed,arm,classifier,model_kind,gate_mode,delay_initialization,train_delays,train_accuracy,test_accuracy,active_edges,recurrent_edges,delayed_edges,changed_delay_assignments,mean_recurrent_delay,final_delay_entropy,readout_parameters,effective_trainable_parameters,initial_hidden_event_rate,final_hidden_event_rate,event_rate_ratio,mean_absolute_ltw_change,lower_ltw_saturation_rate,upper_ltw_saturation_rate,train_seconds,inference_seconds,paired_fixed_distance_test_accuracy,accuracy_gain_vs_fixed_distance
42,raw,linear,raw,fixed,none,False,0.83975,0.8598,0,0,0,0,0.0,0.0,650,650,0.0,0.0,0.0,0.0,0.0,0.0,0.9364320349995978,0.002271488001497346,0.538,0.3218
42,lif_no_delay_warm_all,linear,fixed,fixed,none,False,0.4674,0.4764,272,256,0,0,0.0,0.0,1290,1562,0.01671992195546627,0.022525000095367433,1.3471952892700734,0.021228663623332977,0.0,0.011029412038624287,5.8915052479987935,0.04422134999913396,0.538,-0.061600000000000044
42,fixed_distance012_warm_all,linear,fixed,fixed,distance,False,0.52485,0.538,272,256,171,0,1.0078125,0.0,1290,1562,0.01629843739569187,0.021990625029802324,1.34924744599228,0.02293848991394043,0.0,0.011029412038624287,9.625425706000897,0.06288452099943243,0.538,0.0
42,learned_soft_distance_init,linear,learned,soft,distance,True,0.52315,0.5298,272,256,176,8,1.04296875,0.2350446730852127,1290,2330,0.01613320300877094,0.02181953144967556,1.352461221606968,0.024203525856137276,0.0,0.011029412038624287,11.236587759000031,0.0676536600003601,0.538,-0.008199999999999985
42,learned_st_distance_init,linear,learned,straight_through,distance,True,0.52975,0.5422,272,256,175,7,1.03515625,0.22998617589473724,1290,2330,0.01629843739569187,0.02185000008046627,1.3406193213492867,0.022704660892486572,0.0,0.011029412038624287,11.280626951000158,0.08806516399999964,0.538,0.0041999999999999815
42,learned_soft_flat_init,linear,learned,soft,flat,True,0.4983,0.4942,272,256,53,53,0.3046875,1.039898157119751,1290,2330,0.015945312556624413,0.02145781251192093,1.3457128818090411,0.02180429734289646,0.0,0.011029412038624287,10.451355776000128,0.059022993000326096,0.538,-0.04380000000000006
42,raw,mlp,raw,fixed,none,False,0.94245,0.9424,0,0,0,0,0.0,0.0,17785,17785,0.0,0.0,0.0,0.0,0.0,0.0,0.9369536840004002,0.0035539140008040704,0.6398,0.3026
42,lif_no_delay_warm_all,mlp,fixed,fixed,none,False,0.56895,0.575,272,256,0,0,0.0,0.0,17802,18074,0.01671992195546627,0.018648828193545342,1.1153657441234917,0.006916143465787172,0.0,0.0036764706019312143,6.623549384999933,0.04244860699873243,0.6398,-0.06480000000000008
42,fixed_distance012_warm_all,mlp,fixed,fixed,distance,False,0.6324,0.6398,272,256,171,0,1.0078125,0.0,17802,18074,0.01629843739569187,0.018832421839237213,1.1554740728835236,0.008457527495920658,0.0,0.0036764706019312143,9.649796883000818,0.06088374899991322,0.6398,0.0
42,learned_soft_distance_init,mlp,learned,soft,distance,True,0.6306,0.6414,272,256,171,0,1.0078125,0.24450689554214478,17802,18842,0.01613320300877094,0.018757421997189522,1.1626595157199662,0.007986156269907951,0.0,0.0036764706019312143,10.318947041001593,0.07670456000050763,0.6398,0.0015999999999999348
42,learned_st_distance_init,mlp,learned,straight_through,distance,True,0.63115,0.6376,272,256,171,2,1.015625,0.24825364351272583,17802,18842,0.01629843739569187,0.01881484378874302,1.1543955614859316,0.008429252542555332,0.0,0.0036764706019312143,11.322231628999361,0.06998441799987631,0.6398,-0.0022000000000000908
42,learned_soft_flat_init,mlp,learned,soft,flat,True,0.56715,0.569,272,256,33,33,0.21875,1.0706770420074463,17802,18842,0.015945312556624413,0.018818359327316285,1.1801812765029982,0.007831508293747902,0.0,0.0036764706019312143,11.080634691999876,0.059648522999850684,0.6398,-0.07080000000000009
43,raw,linear,raw,fixed,none,False,0.8411,0.8578,0,0,0,0,0.0,0.0,650,650,0.0,0.0,0.0,0.0,0.0,0.0,0.6758667939993757,0.0021592590001091594,0.5566,0.3012
43,lif_no_delay_warm_all,linear,fixed,fixed,none,False,0.4383,0.459,272,256,0,0,0.0,0.0,1290,1562,0.016587109199166297,0.021082031241059302,1.2709888738249175,0.018292024731636047,0.0,0.0036764706019312143,6.661020150000695,0.04060556599870324,0.5566,-0.09759999999999996
43,fixed_distance012_warm_all,linear,fixed,fixed,distance,False,0.5387,0.5566,272,256,181,0,1.02734375,0.0,1290,1562,0.01607148433923721,0.02046718750298023,1.273509470000308,0.019404850900173187,0.0036764706019312143,0.0036764706019312143,8.490587022999534,0.06309187299848418,0.5566,0.0
43,learned_soft_distance_init,linear,learned,soft,distance,True,0.52895,0.5514,272,256,182,5,1.03515625,0.21852625906467438,1290,2330,0.01605585944056511,0.020376953187584878,1.269128772770801,0.01966932788491249,0.0,0.0036764706019312143,11.113786874999278,0.0601626320003561,0.5566,-0.005199999999999982
43,learned_st_distance_init,linear,learned,straight_through,distance,True,0.54245,0.5628,272,256,182,5,1.04296875,0.21394222974777222,1290,2330,0.01607148433923721,0.020507421785593033,1.2760129277870025,0.019310498610138893,0.0036764706019312143,0.0036764706019312143,11.616983272000653,0.07667152700014412,0.5566,0.006199999999999983
43,learned_soft_flat_init,linear,learned,soft,flat,True,0.49245,0.5146,272,256,34,34,0.2109375,1.0581318140029907,1290,2330,0.016123046937584876,0.020310546904802322,1.2597213779397893,0.01913975365459919,0.0,0.0036764706019312143,11.422558700000081,0.060274158999163774,0.5566,-0.04200000000000004
43,raw,mlp,raw,fixed,none,False,0.93825,0.9412,0,0,0,0,0.0,0.0,17785,17785,0.0,0.0,0.0,0.0,0.0,0.0,0.8453438350006763,0.002872688999559614,0.6452,0.29600000000000004
43,lif_no_delay_warm_all,mlp,fixed,fixed,none,False,0.5473,0.5608,272,256,0,0,0.0,0.0,17802,18074,0.016587109199166297,0.017739843687415123,1.0694958039045626,0.0055378396064043045,0.0,0.0036764706019312143,5.964018286000282,0.06006809499922383,0.6452,-0.08440000000000003
43,fixed_distance012_warm_all,mlp,fixed,fixed,distance,False,0.6477,0.6452,272,256,181,0,1.02734375,0.0,17802,18074,0.01607148433923721,0.017604296776652335,1.0953746651560297,0.005553975235670805,0.0,0.0036764706019312143,9.37001301700002,0.06259925999984262,0.6452,0.0
43,learned_soft_distance_init,mlp,learned,soft,distance,True,0.6427,0.639,272,256,181,0,1.02734375,0.21502798795700073,17802,18842,0.01605585944056511,0.017609765672683717,1.096781255333655,0.005466582253575325,0.0,0.0036764706019312143,11.067700829000387,0.05997695299993211,0.6452,-0.006199999999999983
43,learned_st_distance_init,mlp,learned,straight_through,distance,True,0.6476,0.6458,272,256,181,0,1.02734375,0.2187986969947815,17802,18842,0.01607148433923721,0.017605468514561653,1.0954475730396194,0.0055621531791985035,0.0,0.0036764706019312143,11.540741353999692,0.06959516300048563,0.6452,0.0006000000000000449
43,learned_soft_flat_init,mlp,learned,soft,flat,True,0.5769,0.5792,272,256,24,24,0.1640625,1.0633776187896729,17802,18842,0.016123046937584876,0.018175390687584878,1.1272925494756036,0.006596991326659918,0.0,0.0036764706019312143,11.017478136000136,0.06287536499985436,0.6452,-0.06599999999999995
44,raw,linear,raw,fixed,none,False,0.84235,0.8606,0,0,0,0,0.0,0.0,650,650,0.0,0.0,0.0,0.0,0.0,0.0,0.6967058410009486,0.0023506420002377126,0.527,0.3336
44,lif_no_delay_warm_all,linear,fixed,fixed,none,False,0.44435,0.4436,272,256,0,0,0.0,0.0,1290,1562,0.014374609366059303,0.017785546773672105,1.2372890504883254,0.020223518833518028,0.0,0.0036764706019312143,6.240163229000245,0.043548912999540335,0.527,-0.08340000000000003
44,fixed_distance012_warm_all,linear,fixed,fixed,distance,False,0.5205,0.527,272,256,168,0,0.9921875,0.0,1290,1562,0.014307031206786633,0.017646093735098838,1.233386121834158,0.01983703300356865,0.0,0.0036764706019312143,9.578874666000047,0.05905877499935741,0.527,0.0
44,learned_soft_distance_init,linear,learned,soft,distance,True,0.513,0.5228,272,256,170,5,1.0,0.2306738644838333,1290,2330,0.01429453121572733,0.017726171839237213,1.2400666780687621,0.01965305767953396,0.0,0.0036764706019312143,10.874275753001712,0.059680962998754694,0.527,-0.0041999999999999815
44,learned_st_distance_init,linear,learned,straight_through,distance,True,0.5199,0.5242,272,256,169,3,0.9921875,0.2278357744216919,1290,2330,0.014307031206786633,0.01769882806241512,1.237072024699266,0.019758395850658417,0.0,0.0036764706019312143,11.494664791000105,0.1124991830001818,0.527,-0.0028000000000000247
44,learned_soft_flat_init,linear,learned,soft,flat,True,0.4897,0.4996,272,256,39,39,0.22265625,1.0576741695404053,1290,2330,0.014351171793043613,0.01743359372615814,1.2147853832123074,0.019851723685860634,0.0,0.0036764706019312143,10.013493487998858,0.06522412100093788,0.527,-0.027400000000000035
44,raw,mlp,raw,fixed,none,False,0.9416,0.9426,0,0,0,0,0.0,0.0,17785,17785,0.0,0.0,0.0,0.0,0.0,0.0,0.9316296169999987,0.0033312320010736585,0.6372,0.3054
44,lif_no_delay_warm_all,mlp,fixed,fixed,none,False,0.55905,0.5562,272,256,0,0,0.0,0.0,17802,18074,0.014374609366059303,0.015464062467217446,1.0757901013804598,0.007356042508035898,0.0,0.0,6.484315375000733,0.0409278520000953,0.6372,-0.08099999999999996
44,fixed_distance012_warm_all,mlp,fixed,fixed,distance,False,0.6332,0.6372,272,256,168,0,0.9921875,0.0,17802,18074,0.014307031206786633,0.015874609333276748,1.1095669747156576,0.007500538136810064,0.0,0.0,9.98034944400024,0.06671719900077733,0.6372,0.0
44,learned_soft_distance_init,mlp,learned,soft,distance,True,0.63585,0.64,272,256,168,1,0.99609375,0.24347133934497833,17802,18842,0.01429453121572733,0.01593828118890524,1.114991527065218,0.007925317622721195,0.0,0.0,10.430151447999378,0.09696244499900786,0.6372,0.0028000000000000247
44,learned_st_distance_init,mlp,learned,straight_through,distance,True,0.6332,0.6418,272,256,167,2,0.9921875,0.24574780464172363,17802,18842,0.014307031206786633,0.015891796825826168,1.1107683065853515,0.0075590661726891994,0.0,0.0,11.245597905000977,0.06971274699935748,0.6372,0.0046000000000000485
44,learned_soft_flat_init,mlp,learned,soft,flat,True,0.5897,0.5916,272,256,30,30,0.203125,1.0687592029571533,17802,18842,0.014351171793043613,0.01583632804900408,1.1034867589474722,0.007325885817408562,0.0,0.0036764706019312143,11.089638059998833,0.0593955599997571,0.6372,-0.045599999999999974
