seed,model,train_samples,test_samples,feature_dim,trainable_parameters,classifier_hidden_units,frozen_active_edges,mean_hidden_spike_rate,train_accuracy,test_accuracy,feature_seconds,feature_examples_per_second,train_seconds,inference_seconds,inference_examples_per_second,feature,classifier,topology,accuracy_gain_vs_last_row,accuracy_gain_vs_integrated_rows,paired_feedforward_test_accuracy,recurrence_gain
42,raw_flattened_linear,20000,5000,64,650,0,0,0.0,0.83975,0.8598,0.0,0.0,0.7961379570006102,0.0021303230005287332,2347061.923829875,raw_flattened,linear,raw,0.6286,0.5116,0.8598,0.0
42,raw_flattened_mlp,20000,5000,64,17785,237,0,0.0,0.94245,0.9424,0.0,0.0,0.8682233939998696,0.002976669999952719,1679729.3620318742,raw_flattened,mlp,raw,0.506,0.455,0.9424,0.0
42,last_row_linear,20000,5000,8,90,0,0,0.0,0.23115,0.2312,0.0,0.0,0.7028316080004515,0.0020906609997837222,2391588.1152024395,last_row,linear,last_row,0.0,-0.11700000000000002,0.2312,0.0
42,last_row_mlp,20000,5000,8,17794,936,0,0.0,0.4421,0.4364,0.0,0.0,0.8097852170003534,0.0028006590000586584,1785294.1039574177,last_row,mlp,last_row,0.0,-0.05099999999999999,0.4364,0.0
42,integrated_rows_linear,20000,5000,8,90,0,0,0.0,0.3339,0.3482,0.0,0.0,0.6435119710004074,0.0017407899995305343,2872259.147483859,integrated_rows,linear,orderless,0.11700000000000002,0.0,0.3482,0.0
42,integrated_rows_mlp,20000,5000,8,17794,936,0,0.0,0.4613,0.4874,0.0,0.0,0.779605323999931,0.002481617999364971,2014814.5287789924,integrated_rows,mlp,orderless,0.05099999999999999,0.0,0.4874,0.0
42,hidden_feedforward_final_linear,20000,5000,128,1290,0,16,0.01444345703125,0.3211,0.321,0.3162060449994897,79062.37213156487,0.740959312999621,0.0026269169993611285,1903371.899917664,hidden_feedforward_final,linear,feedforward,0.08980000000000002,-0.027200000000000002,0.321,0.0
42,hidden_feedforward_final_mlp,20000,5000,128,17802,128,16,0.01444345703125,0.38805,0.379,0.3162060449994897,79062.37213156487,0.8588785520005331,0.003155410000545089,1584580.1335282142,hidden_feedforward_final,mlp,feedforward,-0.05740000000000001,-0.1084,0.379,0.0
42,hidden_recurrent_final_linear,20000,5000,128,1290,0,272,0.0160876953125,0.43865,0.4486,0.16713190199970995,149582.4537438902,0.7304146619999301,0.003731572000106098,1339917.8683562416,hidden_recurrent_final,linear,recurrent,0.2174,0.10039999999999999,0.321,0.1276
42,hidden_recurrent_final_mlp,20000,5000,128,17802,128,272,0.0160876953125,0.56045,0.5624,0.16713190199970995,149582.4537438902,0.8689282250006727,0.003220958000383689,1552333.1876430511,hidden_recurrent_final,mlp,recurrent,0.126,0.07500000000000001,0.379,0.1834
43,raw_flattened_linear,20000,5000,64,650,0,0,0.0,0.8411,0.8578,0.0,0.0,0.6898066869998729,0.00222707599914429,2245096.2616099096,raw_flattened,linear,raw,0.6306,0.506,0.8578,0.0
43,raw_flattened_mlp,20000,5000,64,17785,237,0,0.0,0.93825,0.9412,0.0,0.0,0.8661383440003192,0.003525396999975783,1418279.9837959658,raw_flattened,mlp,raw,0.4882,0.45680000000000004,0.9412,0.0
43,last_row_linear,20000,5000,8,90,0,0,0.0,0.21735,0.2272,0.0,0.0,0.699023202000717,0.0023935609997352003,2088937.779548192,last_row,linear,last_row,0.0,-0.12459999999999999,0.2272,0.0
43,last_row_mlp,20000,5000,8,17794,936,0,0.0,0.45535,0.453,0.0,0.0,0.9076976680007647,0.003253867000239552,1536633.1812676722,last_row,mlp,last_row,0.0,-0.031399999999999983,0.453,0.0
43,integrated_rows_linear,20000,5000,8,90,0,0,0.0,0.3366,0.3518,0.0,0.0,0.644362486999853,0.001912632000312442,2614198.6535743494,integrated_rows,linear,orderless,0.12459999999999999,0.0,0.3518,0.0
43,integrated_rows_mlp,20000,5000,8,17794,936,0,0.0,0.4522,0.4844,0.0,0.0,0.8979063930000848,0.003903747000549629,1280820.7087436824,integrated_rows,mlp,orderless,0.031399999999999983,0.0,0.4844,0.0
43,hidden_feedforward_final_linear,20000,5000,128,1290,0,16,0.01526611328125,0.31585,0.3148,0.18192965199978062,137415.75232623512,0.7475609050006824,0.0025141360001725843,1988754.7848074934,hidden_feedforward_final,linear,feedforward,0.08760000000000001,-0.03699999999999998,0.3148,0.0
43,hidden_feedforward_final_mlp,20000,5000,128,17802,128,16,0.01526611328125,0.3796,0.3774,0.18192965199978062,137415.75232623512,0.8565516039998329,0.0033438059999753023,1495302.0599989744,hidden_feedforward_final,mlp,feedforward,-0.0756,-0.10699999999999998,0.3774,0.0
43,hidden_recurrent_final_linear,20000,5000,128,1290,0,272,0.0160322265625,0.4266,0.4424,0.16962565100038773,147383.36951138868,0.7242585889998736,0.002646865999849979,1889026.494081451,hidden_recurrent_final,linear,recurrent,0.2152,0.09060000000000001,0.3148,0.1276
43,hidden_recurrent_final_mlp,20000,5000,128,17802,128,272,0.0160322265625,0.5455,0.5506,0.16962565100038773,147383.36951138868,0.8516385399998398,0.0032936480001808377,1518073.5766923104,hidden_recurrent_final,mlp,recurrent,0.09759999999999996,0.06619999999999998,0.3774,0.17319999999999997
44,raw_flattened_linear,20000,5000,64,650,0,0,0.0,0.84235,0.8606,0.0,0.0,0.6671174720004274,0.0024242199997388525,2062519.0785236578,raw_flattened,linear,raw,0.6242000000000001,0.517,0.8606,0.0
44,raw_flattened_mlp,20000,5000,64,17785,237,0,0.0,0.9416,0.9426,0.0,0.0,0.8247471640006552,0.0030760729996472946,1625449.07112845,raw_flattened,mlp,raw,0.508,0.4646,0.9426,0.0
44,last_row_linear,20000,5000,8,90,0,0,0.0,0.2352,0.2364,0.0,0.0,0.6233890150006118,0.0018919560006906977,2642767.589824841,last_row,linear,last_row,0.0,-0.10720000000000002,0.2364,0.0
44,last_row_mlp,20000,5000,8,17794,936,0,0.0,0.4371,0.4346,0.0,0.0,0.7852513580000959,0.002624878999995417,1904849.7092661147,last_row,mlp,last_row,0.0,-0.043399999999999994,0.4346,0.0
44,integrated_rows_linear,20000,5000,8,90,0,0,0.0,0.3313,0.3436,0.0,0.0,0.6115150679997896,0.0016550730006201775,3021014.7819017256,integrated_rows,linear,orderless,0.10720000000000002,0.0,0.3436,0.0
44,integrated_rows_mlp,20000,5000,8,17794,936,0,0.0,0.456,0.478,0.0,0.0,0.7726657969997177,0.002552789000219491,1958642.0967694926,integrated_rows,mlp,orderless,0.043399999999999994,0.0,0.478,0.0
44,hidden_feedforward_final_linear,20000,5000,128,1290,0,16,0.01393564453125,0.3326,0.3296,0.1671799280002233,149539.48299323712,0.7115858469996965,0.002620166000269819,1908276.0403291665,hidden_feedforward_final,linear,feedforward,0.0932,-0.014000000000000012,0.3296,0.0
44,hidden_feedforward_final_mlp,20000,5000,128,17802,128,16,0.01393564453125,0.4076,0.3928,0.1671799280002233,149539.48299323712,0.8754140370001551,0.0032564370003456133,1535420.4609115233,hidden_feedforward_final,mlp,feedforward,-0.041800000000000004,-0.0852,0.3928,0.0
44,hidden_recurrent_final_linear,20000,5000,128,1290,0,272,0.0138203125,0.42515,0.4246,0.16858192200015765,148295.85345442095,0.7537709950001954,0.002872127999580698,1740869.4879650036,hidden_recurrent_final,linear,recurrent,0.18819999999999998,0.08099999999999996,0.3296,0.09499999999999997
44,hidden_recurrent_final_mlp,20000,5000,128,17802,128,272,0.0138203125,0.5557,0.5534,0.16858192200015765,148295.85345442095,0.9507314299999052,0.003631218999544217,1376948.0718809827,hidden_recurrent_final,mlp,recurrent,0.11880000000000002,0.07540000000000002,0.3928,0.16060000000000002
