generation,mean_best_fitness,std_best_fitness,min_best_fitness,max_best_fitness,mean_population_fitness,mean_active_synapses
1,8.9,1.1972189997378648,7.0,11.0,0.11083999816328287,9.162899780273438
2,10.3,0.8232726023485646,9.0,12.0,-0.05505999270826578,10.30208969116211
3,11.3,1.1595018087284057,9.0,13.0,0.25268999016843735,11.4033597946167
4,12.7,1.2516655570345725,11.0,15.0,0.050130002200603485,12.509249591827393
5,14.2,1.7511900715418263,12.0,17.0,0.013830002676695586,13.60932960510254
6,14.4,1.577621275493231,13.0,17.0,-0.06405999660491943,14.68796968460083
7,14.7,1.5670212364724212,13.0,17.0,0.153299992531538,15.761669635772705
8,15.5,1.1785113019775793,14.0,17.0,0.15962999388575555,16.806709671020506
9,15.9,1.1005049346146119,14.0,17.0,0.11087999492883682,17.816809463500977
10,16.6,0.5163977794943222,16.0,17.0,0.10342999510467052,18.802309417724608
11,17.1,0.7378647873726218,16.0,19.0,-0.10912000127136708,19.77504959106445
12,17.1,0.7378647873726218,16.0,19.0,0.15351999513804912,20.721719551086426
13,17.5,0.8498365855987975,17.0,19.0,0.1513499967753887,21.675089645385743
14,17.7,0.8232726023485646,17.0,19.0,-0.16989999525249005,22.62035961151123
15,17.9,0.8755950357709131,17.0,19.0,0.14134999737143517,23.54885940551758
16,18.2,1.0327955589886444,17.0,20.0,-0.05065999832004309,24.49340934753418
17,18.6,1.2649110640673518,17.0,21.0,0.012570000439882278,25.41422939300537
18,18.9,0.9944289260117533,18.0,21.0,0.0030100010335445404,26.33814926147461
19,19.4,1.07496769977314,18.0,21.0,-0.19780999347567557,27.230949211120606
20,20.0,1.0540925533894598,18.0,21.0,0.13158999737352134,28.109719276428223
21,20.2,0.7888106377466155,19.0,21.0,-0.1269899956882,28.946289443969725
22,20.6,1.07496769977314,19.0,23.0,0.14445999637246132,29.783499336242677
23,20.8,1.1352924243950933,19.0,23.0,0.15533999875187873,30.61487922668457
24,21.1,0.9944289260117533,20.0,23.0,-0.13890999931609258,31.448669052124025
25,21.1,0.9944289260117533,20.0,23.0,-0.1006600028835237,32.26711940765381
26,21.1,0.9944289260117533,20.0,23.0,0.08185999672859907,33.02827949523926
27,21.1,0.9944289260117533,20.0,23.0,0.05938000027090311,33.83179969787598
28,21.1,0.9944289260117533,20.0,23.0,0.06238999702036381,34.566528701782225
29,21.1,0.9944289260117533,20.0,23.0,0.04741999879479408,35.342089080810545
30,21.2,0.9189365834726815,20.0,23.0,-0.004350000247359276,36.11363983154297
31,21.4,0.8432740427115678,20.0,23.0,0.07689999639987946,36.831938934326175
32,21.8,1.2292725943057183,20.0,24.0,0.1188299983739853,37.56605911254883
33,22.0,1.0540925533894598,21.0,24.0,-0.11676999814808368,38.29177894592285
34,22.0,1.0540925533894598,21.0,24.0,0.12490000128746033,38.98025894165039
35,22.0,1.0540925533894598,21.0,24.0,0.09902999885380268,39.68469886779785
36,22.3,1.8287822299126937,21.0,27.0,0.01654999665915966,40.3832389831543
37,22.3,1.8287822299126937,21.0,27.0,0.2889299975708127,41.033708572387695
38,22.3,1.8287822299126937,21.0,27.0,0.05036000106483698,41.66499900817871
39,22.3,1.8287822299126937,21.0,27.0,0.05582999605685472,42.32592849731445
40,22.3,1.8287822299126937,21.0,27.0,-0.06276999115943908,42.96738891601562
41,22.4,1.776388345929897,21.0,27.0,-0.01126999743282795,43.6195686340332
42,22.4,1.776388345929897,21.0,27.0,-0.21349999429658056,44.284358215332034
43,22.4,1.776388345929897,21.0,27.0,0.1089999971096404,44.90957908630371
44,22.5,1.7159383568311668,21.0,27.0,0.027570002153515814,45.50276870727539
45,22.5,1.7159383568311668,21.0,27.0,-0.08611999885179103,46.055529022216795
46,22.5,1.7159383568311668,21.0,27.0,-0.03882999820634723,46.677669525146484
47,22.5,1.7159383568311668,21.0,27.0,-0.10020000003278255,47.31188888549805
48,22.5,1.7159383568311668,21.0,27.0,0.11093999389559031,47.850328826904295
49,22.5,1.7159383568311668,21.0,27.0,0.062440000846982,48.40415916442871
50,22.6,1.7126976771553506,21.0,27.0,-0.09363999888300896,48.96835861206055
51,22.6,1.7126976771553506,21.0,27.0,-0.15502000078558922,49.560128402709964
52,22.6,1.7126976771553506,21.0,27.0,-0.14978999570012091,50.119418716430665
53,22.6,1.7126976771553506,21.0,27.0,0.14809999875724317,50.63622894287109
54,22.6,1.7126976771553506,21.0,27.0,-0.08908000066876412,51.18026847839356
55,22.6,1.7126976771553506,21.0,27.0,-0.025460000429302455,51.67909812927246
56,22.6,1.7126976771553506,21.0,27.0,-0.07744999937713146,52.18912811279297
57,22.7,1.636391694484477,21.0,27.0,0.03907999396324158,52.692278671264646
58,22.7,1.636391694484477,21.0,27.0,0.04055000208318234,53.16600875854492
59,22.7,1.636391694484477,21.0,27.0,-0.059690000303089616,53.681379318237305
60,22.7,1.636391694484477,21.0,27.0,-0.02336999699473381,54.180108642578126
61,22.7,1.636391694484477,21.0,27.0,-0.15619999412447214,54.693158340454104
62,22.7,1.636391694484477,21.0,27.0,-0.06498000249266625,55.193399047851564
63,22.8,1.6193277068654823,21.0,27.0,-0.08572999725583941,55.669219207763675
64,22.8,1.6193277068654823,21.0,27.0,0.01905999956652522,56.1337890625
65,23.2,1.5491933384829668,21.0,27.0,-0.07836999665014446,56.59798812866211
66,23.2,1.5491933384829668,21.0,27.0,-0.07260000333189964,57.03755912780762
67,23.5,1.9578900207451218,21.0,27.0,0.012639999389648438,57.459289169311525
68,23.5,1.9578900207451218,21.0,27.0,0.03732999656349421,57.841858291625975
69,23.5,1.9578900207451218,21.0,27.0,-0.018830007314682005,58.27503890991211
70,23.5,1.9578900207451218,21.0,27.0,0.08915999811142683,58.687428665161136
71,23.5,1.9578900207451218,21.0,27.0,0.08458999767899514,59.06243782043457
72,23.5,1.9578900207451218,21.0,27.0,-0.09451999771408737,59.4755184173584
73,23.7,1.7669811040931427,22.0,27.0,0.019579999148845673,59.891748046875
74,23.7,1.7669811040931427,22.0,27.0,-0.020500002428889275,60.29096870422363
75,23.8,1.6865480854231356,23.0,27.0,0.13267999552190304,60.658698654174806
76,23.8,1.6865480854231356,23.0,27.0,0.027979996521025896,60.980428314208986
77,23.8,1.6865480854231356,23.0,27.0,-0.15192999579012395,61.34507865905762
78,23.8,1.6865480854231356,23.0,27.0,-0.03636999689042568,61.677377700805664
79,23.8,1.6865480854231356,23.0,27.0,0.2321999932639301,62.044958877563474
80,23.9,1.66332999331662,23.0,27.0,-0.12122999466955661,62.384378814697264
81,23.9,1.66332999331662,23.0,27.0,0.0633999988436699,62.76986885070801
82,23.9,1.66332999331662,23.0,27.0,-0.03259000070393085,63.09627838134766
83,23.9,1.66332999331662,23.0,27.0,-0.0599700016900897,63.39350776672363
84,23.9,1.66332999331662,23.0,27.0,-0.013679999113082885,63.7148983001709
85,23.9,1.66332999331662,23.0,27.0,-0.2194699921645224,63.99170837402344
86,23.9,1.66332999331662,23.0,27.0,-0.184139996021986,64.32079887390137
87,23.9,1.66332999331662,23.0,27.0,0.0012500016484409571,64.66111831665039
88,23.9,1.66332999331662,23.0,27.0,-0.19387000016868114,65.00028762817382
89,23.9,1.66332999331662,23.0,27.0,0.1805199973285198,65.28689727783203
90,23.9,1.66332999331662,23.0,27.0,-0.014250000193715095,65.57905883789063
91,24.1,1.66332999331662,23.0,27.0,-0.01943999473005533,65.8902084350586
92,24.1,1.66332999331662,23.0,27.0,0.05378999561071396,66.15882873535156
93,24.1,1.66332999331662,23.0,27.0,0.10535999909043312,66.4445785522461
94,24.1,1.66332999331662,23.0,27.0,-0.0005500015802681446,66.74022827148437
95,24.1,1.66332999331662,23.0,27.0,0.08160000368952751,67.00221786499023
96,24.1,1.66332999331662,23.0,27.0,0.1884499963372946,67.29588928222657
97,24.1,1.66332999331662,23.0,27.0,-0.09314999766647816,67.58989791870117
98,24.1,1.66332999331662,23.0,27.0,0.11673999689519406,67.8165382385254
99,24.1,1.66332999331662,23.0,27.0,-0.09639000073075295,68.14472808837891
100,24.1,1.66332999331662,23.0,27.0,0.08359999544918537,68.42004852294922
101,24.1,1.66332999331662,23.0,27.0,-0.13782999804243445,68.66493911743164
102,24.1,1.66332999331662,23.0,27.0,-0.012379997596144676,68.93815841674805
103,24.1,1.66332999331662,23.0,27.0,-0.09443999594077468,69.24250869750976
104,24.1,1.66332999331662,23.0,27.0,-0.0722299987450242,69.48451766967773
105,24.1,1.66332999331662,23.0,27.0,0.047089998982846736,69.72667846679687
106,24.1,1.66332999331662,23.0,27.0,0.035409997869282964,69.95853881835937
107,24.1,1.66332999331662,23.0,27.0,0.11173999258317054,70.20442733764648
108,24.1,1.66332999331662,23.0,27.0,0.03943000137805939,70.46092681884765
109,24.2,1.6193277068654826,23.0,27.0,-0.12091999687254429,70.69138870239257
110,24.2,1.6193277068654826,23.0,27.0,-0.041979997605085376,70.92451782226563
111,24.2,1.6193277068654826,23.0,27.0,0.03201999608427286,71.1308380126953
112,24.2,1.6193277068654826,23.0,27.0,-0.003320001810789108,71.32562789916992
113,24.2,1.6193277068654826,23.0,27.0,-0.19337999671697617,71.52233810424805
114,24.2,1.6193277068654826,23.0,27.0,0.02035999596118927,71.70753860473633
115,24.2,1.6193277068654826,23.0,27.0,-0.08885000199079514,71.93648757934571
116,24.2,1.6193277068654826,23.0,27.0,-0.2205799899995327,72.20136795043945
117,24.2,1.6193277068654826,23.0,27.0,-0.07782999724149704,72.40277862548828
118,24.2,1.6193277068654826,23.0,27.0,0.10664000064134598,72.5759178161621
119,24.2,1.6193277068654826,23.0,27.0,0.07112000025808811,72.76793899536133
120,24.2,1.6193277068654826,23.0,27.0,0.04686999729092349,72.99925842285157
121,24.2,1.6193277068654826,23.0,27.0,-0.04866999825462699,73.19968719482422
122,24.2,1.6193277068654826,23.0,27.0,0.19398999437689782,73.38164749145508
123,24.2,1.6193277068654826,23.0,27.0,-0.10873000072315335,73.53614807128906
124,24.2,1.6193277068654826,23.0,27.0,0.03247000053524971,73.75305709838867
125,24.2,1.6193277068654826,23.0,27.0,0.19650999046862125,73.93766860961914
126,24.2,1.6193277068654826,23.0,27.0,-0.004380000382661819,74.1466896057129
127,24.2,1.6193277068654826,23.0,27.0,-0.20480999518185855,74.32970809936523
128,24.2,1.6193277068654826,23.0,27.0,-0.07467999467626214,74.46395874023438
129,24.2,1.6193277068654826,23.0,27.0,0.1383699957281351,74.63872833251953
130,24.2,1.6193277068654826,23.0,27.0,0.11723999381065368,74.79265823364258
131,24.2,1.6193277068654826,23.0,27.0,-0.018309997953474523,74.9638885498047
132,24.2,1.6193277068654826,23.0,27.0,0.03976999819278717,75.09935836791992
133,24.2,1.6193277068654826,23.0,27.0,-0.04148999657481909,75.27710876464843
134,24.2,1.6193277068654826,23.0,27.0,-0.10771999526768923,75.41859817504883
135,24.5,1.6499158227686108,23.0,27.0,0.1326899953186512,75.5795883178711
136,24.5,1.6499158227686108,23.0,27.0,-0.21357999173924327,75.70126876831054
137,24.5,1.6499158227686108,23.0,27.0,0.07775999903678894,75.8288185119629
138,24.5,1.6499158227686108,23.0,27.0,-0.13909999653697014,75.96354827880859
139,24.6,1.6465452046971292,23.0,27.0,0.15077999774366618,76.10763854980469
140,24.6,1.6465452046971292,23.0,27.0,0.09972000047564507,76.23131790161133
141,24.6,1.6465452046971292,23.0,27.0,0.05774999856948852,76.41643829345703
142,24.6,1.6465452046971292,23.0,27.0,0.20530999284237622,76.54353866577148
143,24.6,1.6465452046971292,23.0,27.0,0.0237699955701828,76.66165924072266
144,24.6,1.6465452046971292,23.0,27.0,-0.06540999561548233,76.77380828857422
145,24.6,1.6465452046971292,23.0,27.0,0.07335999943315982,76.89704818725586
146,24.6,1.6465452046971292,23.0,27.0,0.07008999604731798,77.00161819458008
147,24.9,1.5951314818673865,23.0,27.0,0.08318999646871816,77.13502807617188
148,24.9,1.5951314818673865,23.0,27.0,-0.0835299993865192,77.24939804077148
149,24.9,1.5951314818673865,23.0,27.0,-0.0909899901598692,77.3512969970703
150,24.9,1.5951314818673865,23.0,27.0,-0.03164999857544899,77.45128784179687
151,24.9,1.5951314818673865,23.0,27.0,-0.02015999788418412,77.56683807373047
152,24.9,1.5951314818673865,23.0,27.0,-0.057509999111061916,77.69288864135743
153,24.9,1.5951314818673865,23.0,27.0,-0.04053999818861485,77.82456817626954
154,24.9,1.5951314818673865,23.0,27.0,-0.009369996190071107,77.9333282470703
155,24.9,1.5951314818673865,23.0,27.0,-0.06382000483572484,78.04774780273438
156,24.9,1.5951314818673865,23.0,27.0,-0.0018900033086538316,78.17618865966797
157,24.9,1.5951314818673865,23.0,27.0,0.012159997597336769,78.28719787597656
158,24.9,1.5951314818673865,23.0,27.0,-0.11576999425888061,78.42940902709961
159,24.9,1.5951314818673865,23.0,27.0,-0.2637099956162274,78.55002899169922
160,24.9,1.5951314818673865,23.0,27.0,0.15397999659180642,78.66948776245117
161,24.9,1.5951314818673865,23.0,27.0,-0.004699997883290052,78.77316818237304
162,24.9,1.5951314818673865,23.0,27.0,-0.08055000081658363,78.88277969360351
163,24.9,1.5951314818673865,23.0,27.0,0.07545999903231859,78.99068908691406
164,24.9,1.5951314818673865,23.0,27.0,-0.013920000940561294,79.07318878173828
165,24.9,1.5951314818673865,23.0,27.0,-0.002759997919201851,79.17171783447266
166,24.9,1.5951314818673865,23.0,27.0,-0.023189998464658856,79.29917831420899
167,24.9,1.5951314818673865,23.0,27.0,0.16105999872088433,79.38711776733399
168,24.9,1.5951314818673865,23.0,27.0,0.0389199985191226,79.45310897827149
169,24.9,1.5951314818673865,23.0,27.0,0.0828399982303381,79.54904708862304
170,24.9,1.5951314818673865,23.0,27.0,-0.13911999664269387,79.63520736694336
171,24.9,1.5951314818673865,23.0,27.0,0.020100005622953176,79.7301872253418
172,24.9,1.5951314818673865,23.0,27.0,0.17830999344587325,79.83735885620118
173,24.9,1.5951314818673865,23.0,27.0,0.07624999713152647,79.93370666503907
174,24.9,1.5951314818673865,23.0,27.0,0.0868899941444397,80.00813903808594
175,24.9,1.5951314818673865,23.0,27.0,0.05704999938607216,80.1285385131836
176,24.9,1.5951314818673865,23.0,27.0,0.031220000982284547,80.21434631347657
177,24.9,1.5951314818673865,23.0,27.0,-0.0280299985781312,80.28427810668946
178,25.0,1.4907119849998598,23.0,27.0,-0.015289998706430196,80.36114807128907
179,25.0,1.4907119849998598,23.0,27.0,0.053249999321997164,80.42636795043946
180,25.0,1.4907119849998598,23.0,27.0,-0.03298999816179275,80.49026794433594
181,25.0,1.4907119849998598,23.0,27.0,-0.04817999368533492,80.58768692016602
182,25.0,1.4907119849998598,23.0,27.0,-0.09574000239372253,80.6657485961914
183,25.0,1.4907119849998598,23.0,27.0,0.023919999905047007,80.7210578918457
184,25.1,1.3703203194062976,23.0,27.0,0.05577999986708164,80.78595733642578
185,25.1,1.3703203194062976,23.0,27.0,-0.06814999505877495,80.85546798706055
186,25.1,1.3703203194062976,23.0,27.0,-0.028800000622868537,80.93766860961914
187,25.1,1.3703203194062976,23.0,27.0,-0.013909997045993805,81.02499771118164
188,25.1,1.3703203194062976,23.0,27.0,-0.061909995041787624,81.08632736206054
189,25.1,1.3703203194062976,23.0,27.0,-0.09754999689757823,81.13844680786133
190,25.1,1.3703203194062976,23.0,27.0,-5.000075325369835e-05,81.2246482849121
191,25.1,1.3703203194062976,23.0,27.0,0.17753999382257463,81.27554779052734
192,25.1,1.3703203194062976,23.0,27.0,0.026200002804398537,81.33556900024413
193,25.1,1.3703203194062976,23.0,27.0,0.013990001752972603,81.40992736816406
194,25.3,1.3374935098492586,23.0,27.0,-0.011380001530051231,81.47016754150391
195,25.3,1.3374935098492586,23.0,27.0,-0.05272999554872513,81.54093780517579
196,25.3,1.3374935098492586,23.0,27.0,-0.07147999927401542,81.57923812866211
197,25.3,1.3374935098492586,23.0,27.0,0.10769999325275421,81.63223648071289
198,25.3,1.3374935098492586,23.0,27.0,0.08466999568045139,81.69686737060547
199,25.3,1.3374935098492586,23.0,27.0,0.09352999068796634,81.74860763549805
200,25.3,1.3374935098492586,23.0,27.0,0.07580999732017517,81.78047790527344
201,25.3,1.3374935098492586,23.0,27.0,0.05027999617159366,81.82242736816406
202,25.3,1.3374935098492586,23.0,27.0,-0.0016699995845556258,81.88563766479493
203,25.3,1.3374935098492586,23.0,27.0,0.026210001576691865,81.94070892333984
204,25.3,1.3374935098492586,23.0,27.0,0.03358999975025654,82.02240905761718
205,25.3,1.3374935098492586,23.0,27.0,-0.039449996501207354,82.10586776733399
206,25.3,1.3374935098492586,23.0,27.0,-0.005479996651411056,82.16114730834961
207,25.3,1.3374935098492586,23.0,27.0,0.0742099978029728,82.20482788085937
208,25.3,1.3374935098492586,23.0,27.0,-0.07478999998420477,82.27710723876953
209,25.3,1.3374935098492586,23.0,27.0,0.19121999591588973,82.31691818237304
210,25.3,1.3374935098492586,23.0,27.0,-0.004840002488344907,82.35478897094727
211,25.3,1.3374935098492586,23.0,27.0,0.0023800022900104523,82.41421737670899
212,25.3,1.3374935098492586,23.0,27.0,0.1513699997216463,82.45473709106446
213,25.3,1.3374935098492586,23.0,27.0,0.11203999295830727,82.4809783935547
214,25.3,1.3374935098492586,23.0,27.0,-0.08320999480783939,82.52710800170898
215,25.3,1.3374935098492586,23.0,27.0,-0.10881000012159348,82.592578125
216,25.3,1.3374935098492586,23.0,27.0,0.07929999865591526,82.63040771484376
217,25.3,1.3374935098492586,23.0,27.0,0.043960002809762956,82.69386825561523
218,25.3,1.3374935098492586,23.0,27.0,-0.05809000395238399,82.73335800170898
219,25.4,1.2649110640673518,23.0,27.0,0.1444799927994609,82.78462753295898
220,25.4,1.2649110640673518,23.0,27.0,0.0731299988925457,82.84752655029297
221,25.4,1.2649110640673518,23.0,27.0,0.03202999755740166,82.8936279296875
222,25.4,1.2649110640673518,23.0,27.0,-0.055010001407936215,82.95253829956054
223,25.4,1.2649110640673518,23.0,27.0,-0.033779995236545804,83.0312286376953
224,25.4,1.2649110640673518,23.0,27.0,0.12665999922901391,83.05278854370117
225,25.4,1.2649110640673518,23.0,27.0,-0.19715999050531535,83.08440856933593
226,25.4,1.2649110640673518,23.0,27.0,0.1155600018799305,83.15306701660157
227,25.4,1.2649110640673518,23.0,27.0,0.008599997404962778,83.16833724975587
228,25.4,1.2649110640673518,23.0,27.0,0.01129000298678875,83.20650863647461
229,25.4,1.2649110640673518,23.0,27.0,-0.01420999988913536,83.23149642944335
230,25.4,1.2649110640673518,23.0,27.0,0.016919995471835137,83.25488815307617
231,25.4,1.2649110640673518,23.0,27.0,0.12692999877035618,83.3041763305664
232,25.4,1.2649110640673518,23.0,27.0,-0.01801999667659402,83.38855743408203
233,25.4,1.2649110640673518,23.0,27.0,-0.19278998747467996,83.46092834472657
234,25.4,1.2649110640673518,23.0,27.0,-0.004920003563165664,83.51566772460937
235,25.4,1.2649110640673518,23.0,27.0,-0.007210004329681397,83.55355834960938
236,25.4,1.2649110640673518,23.0,27.0,0.036039999127388,83.5769775390625
237,25.4,1.2649110640673518,23.0,27.0,0.288779998710379,83.62437744140625
238,25.4,1.2649110640673518,23.0,27.0,0.06735999584197998,83.6768585205078
239,25.4,1.2649110640673518,23.0,27.0,0.044539997121319175,83.69245758056641
240,25.4,1.2649110640673518,23.0,27.0,0.033460000157356264,83.72530899047851
241,25.4,1.2649110640673518,23.0,27.0,-0.006919997604563832,83.79707794189453
242,25.4,1.2649110640673518,23.0,27.0,-0.169279994815588,83.79238739013672
243,25.4,1.2649110640673518,23.0,27.0,-0.08657000086968765,83.8252082824707
244,25.4,1.2649110640673518,23.0,27.0,-0.09270999170839786,83.8665672302246
245,25.4,1.2649110640673518,23.0,27.0,0.06672000074759125,83.91563873291015
246,25.4,1.2649110640673518,23.0,27.0,-0.03626999706029892,83.95740814208985
247,25.4,1.2649110640673518,23.0,27.0,0.1706199962645769,84.01372833251953
248,25.4,1.2649110640673518,23.0,27.0,0.09060999676585198,84.03701782226562
249,25.4,1.2649110640673518,23.0,27.0,-0.07664999654516577,84.06538848876953
250,25.4,1.2649110640673518,23.0,27.0,0.06783999912440777,84.10594787597657
251,25.4,1.2649110640673518,23.0,27.0,-0.010690000001341104,84.11293869018554
252,25.4,1.2649110640673518,23.0,27.0,0.05365000069141388,84.14107818603516
253,25.4,1.2649110640673518,23.0,27.0,0.09367999476380647,84.1878776550293
254,25.4,1.2649110640673518,23.0,27.0,0.002980002015829086,84.2297981262207
255,25.4,1.2649110640673518,23.0,27.0,0.18198999762535095,84.28229751586915
256,25.4,1.2649110640673518,23.0,27.0,-0.13544999733567237,84.31609954833985
257,25.4,1.2649110640673518,23.0,27.0,-0.11416000016033649,84.35275726318359
258,25.4,1.2649110640673518,23.0,27.0,-0.20205999417230486,84.39708709716797
259,25.4,1.2649110640673518,23.0,27.0,0.20080999918282033,84.41704788208008
260,25.4,1.2649110640673518,23.0,27.0,-0.08124999552965165,84.45360794067383
261,25.4,1.2649110640673518,23.0,27.0,0.07269999552518129,84.46590728759766
262,25.4,1.2649110640673518,23.0,27.0,-0.04467999767512083,84.46397705078125
263,25.4,1.2649110640673518,23.0,27.0,-0.19018000103533267,84.4740982055664
264,25.4,1.2649110640673518,23.0,27.0,0.0930999968200922,84.49076766967774
265,25.4,1.2649110640673518,23.0,27.0,0.0014999981969594956,84.48972854614257
266,25.5,1.2692955176439846,23.0,27.0,-0.061130001209676266,84.49206771850587
267,25.5,1.2692955176439846,23.0,27.0,0.12566999401897191,84.51068801879883
268,25.5,1.2692955176439846,23.0,27.0,-0.05059999665245414,84.57191848754883
269,25.5,1.2692955176439846,23.0,27.0,-0.08777999430894852,84.5618881225586
270,25.5,1.2692955176439846,23.0,27.0,-0.08227999461814761,84.5907974243164
271,25.5,1.2692955176439846,23.0,27.0,-0.05401999857276678,84.6504280090332
272,25.5,1.2692955176439846,23.0,27.0,0.03469000477343798,84.66378784179688
273,25.5,1.2692955176439846,23.0,27.0,0.006929998472332955,84.69962692260742
274,25.5,1.2692955176439846,23.0,27.0,-0.08902999982237816,84.70473785400391
275,25.5,1.2692955176439846,23.0,27.0,-0.07345999830868095,84.74813766479492
276,25.5,1.2692955176439846,23.0,27.0,-0.07762999755796045,84.75251770019531
277,25.5,1.2692955176439846,23.0,27.0,-0.06201999969780445,84.74080810546874
278,25.5,1.2692955176439846,23.0,27.0,-0.01059000138193369,84.73889923095703
279,25.5,1.2692955176439846,23.0,27.0,0.007060003280639648,84.75731811523437
280,25.5,1.2692955176439846,23.0,27.0,-0.07841999493539334,84.75770797729493
281,25.5,1.2692955176439846,23.0,27.0,0.06864999663084745,84.76505813598632
282,25.5,1.2692955176439846,23.0,27.0,0.04740999676287174,84.80107803344727
283,25.5,1.2692955176439846,23.0,27.0,0.1495700001716614,84.82120742797852
284,25.5,1.2692955176439846,23.0,27.0,-0.1198499963618815,84.81174850463867
285,25.5,1.2692955176439846,23.0,27.0,0.1794099971652031,84.83899688720703
286,25.5,1.2692955176439846,23.0,27.0,-3.0000880360603333e-05,84.87840728759765
287,25.5,1.2692955176439846,23.0,27.0,-0.09855999704450369,84.88880767822266
288,25.5,1.2692955176439846,23.0,27.0,0.1198899980634451,84.89441680908203
289,25.5,1.2692955176439846,23.0,27.0,-0.010880002379417419,84.89059753417969
290,25.5,1.2692955176439846,23.0,27.0,-0.14915999844670297,84.92666702270508
291,25.5,1.2692955176439846,23.0,27.0,0.04072999563068151,84.94063949584961
292,25.5,1.2692955176439846,23.0,27.0,0.017430001869797707,84.9892478942871
293,25.5,1.2692955176439846,23.0,27.0,-0.18917999789118767,85.00940856933593
294,25.5,1.2692955176439846,23.0,27.0,-0.055389998108148576,85.02456741333008
295,25.5,1.2692955176439846,23.0,27.0,0.10607999674975872,85.02657699584961
296,25.5,1.2692955176439846,23.0,27.0,0.1232099935412407,85.03651733398438
297,25.5,1.2692955176439846,23.0,27.0,0.02392999976873398,85.0606185913086
298,25.5,1.2692955176439846,23.0,27.0,0.1143999945372343,85.05727844238281
299,25.5,1.2692955176439846,23.0,27.0,-0.056669998541474344,85.06324844360351
300,25.5,1.2692955176439846,23.0,27.0,-0.09076999621465802,85.04767761230468
301,25.5,1.2692955176439846,23.0,27.0,0.012669999152421951,85.07202758789063
302,25.5,1.2692955176439846,23.0,27.0,-0.09227000176906586,85.1208381652832
303,25.5,1.2692955176439846,23.0,27.0,-0.1264999955892563,85.12690658569336
304,25.5,1.2692955176439846,23.0,27.0,-0.01798000349663198,85.11122817993164
305,25.5,1.2692955176439846,23.0,27.0,0.09067999795079232,85.13721771240235
306,25.5,1.2692955176439846,23.0,27.0,0.11490999329835176,85.13978729248046
307,25.5,1.2692955176439846,23.0,27.0,-0.10015999684110284,85.15970840454102
308,25.5,1.2692955176439846,23.0,27.0,0.17767999551433605,85.14517822265626
309,25.5,1.2692955176439846,23.0,27.0,-0.1816399946808815,85.15814819335938
310,25.5,1.2692955176439846,23.0,27.0,-0.056859998404979704,85.15134887695312
311,25.5,1.2692955176439846,23.0,27.0,0.07492999657988549,85.17254791259765
312,25.5,1.2692955176439846,23.0,27.0,0.05676999744027853,85.17616806030273
313,25.5,1.2692955176439846,23.0,27.0,-0.14456999599933623,85.19154739379883
314,25.5,1.2692955176439846,23.0,27.0,0.05204000324010849,85.1986083984375
315,25.5,1.2692955176439846,23.0,27.0,0.08186999782919883,85.2149787902832
316,25.5,1.2692955176439846,23.0,27.0,0.21494999481365085,85.19964828491212
317,25.5,1.2692955176439846,23.0,27.0,0.04828999727033079,85.18150787353515
318,25.5,1.2692955176439846,23.0,27.0,0.023120000772178174,85.17698822021484
319,25.5,1.2692955176439846,23.0,27.0,-0.1051599993967102,85.17642822265626
320,25.5,1.2692955176439846,23.0,27.0,0.007250002771615982,85.16353836059571
321,25.5,1.2692955176439846,23.0,27.0,-0.06657999604940415,85.15335540771484
322,25.5,1.2692955176439846,23.0,27.0,0.02428000047802925,85.1585075378418
323,25.5,1.2692955176439846,23.0,27.0,-0.00013000136241316795,85.18734741210938
324,25.5,1.2692955176439846,23.0,27.0,0.009740001708269119,85.1784278869629
325,25.5,1.2692955176439846,23.0,27.0,-0.03634000141173601,85.21172790527343
326,25.5,1.2692955176439846,23.0,27.0,0.040299996919929984,85.21301803588867
327,25.5,1.2692955176439846,23.0,27.0,-0.06527999853715301,85.25427703857422
328,25.5,1.2692955176439846,23.0,27.0,-0.08021999727934599,85.24929656982422
329,25.5,1.2692955176439846,23.0,27.0,-0.06731999702751637,85.238037109375
330,25.5,1.2692955176439846,23.0,27.0,0.07385999890975654,85.23724822998047
331,25.5,1.2692955176439846,23.0,27.0,-0.10044999766396359,85.26264801025391
332,25.5,1.2692955176439846,23.0,27.0,0.034189998358488086,85.25709762573243
333,25.5,1.2692955176439846,23.0,27.0,-0.12268999963998795,85.24538726806641
334,25.5,1.2692955176439846,23.0,27.0,0.12951999381184578,85.2410171508789
335,25.5,1.2692955176439846,23.0,27.0,-0.022249996289610864,85.25948715209961
336,25.5,1.2692955176439846,23.0,27.0,-0.14051999752409755,85.26963729858399
337,25.7,0.9486832980505138,24.0,27.0,-0.0416700005531311,85.2962890625
338,25.7,0.9486832980505138,24.0,27.0,0.013980002701282501,85.29119720458985
339,25.7,0.9486832980505138,24.0,27.0,0.05274999588727951,85.29366836547851
340,25.7,0.9486832980505138,24.0,27.0,-0.14869999885559082,85.2977279663086
341,25.7,0.9486832980505138,24.0,27.0,-0.010410001501441002,85.26747817993164
342,25.7,0.9486832980505138,24.0,27.0,0.008260001987218856,85.25828704833984
343,25.7,0.9486832980505138,24.0,27.0,0.1449599941726774,85.22853927612304
344,25.7,0.9486832980505138,24.0,27.0,-0.20083999540656805,85.22379684448242
345,25.7,0.9486832980505138,24.0,27.0,-0.1851599931716919,85.24969711303712
346,25.7,0.9486832980505138,24.0,27.0,0.008849999308586121,85.2463478088379
347,25.7,0.9486832980505138,24.0,27.0,0.010909997671842576,85.26916809082032
348,25.7,0.9486832980505138,24.0,27.0,0.03520999476313591,85.28140792846679
349,25.7,0.9486832980505138,24.0,27.0,0.03234999962151051,85.2794578552246
350,25.7,0.9486832980505138,24.0,27.0,-0.12861999878659844,85.28924789428712
351,25.7,0.9486832980505138,24.0,27.0,-0.1175999934785068,85.30653686523438
352,25.7,0.9486832980505138,24.0,27.0,-0.08421999961137772,85.33640747070312
353,25.7,0.9486832980505138,24.0,27.0,-0.07367999777197838,85.33313751220703
354,25.7,0.9486832980505138,24.0,27.0,0.08810999840497971,85.33944931030274
355,25.7,0.9486832980505138,24.0,27.0,-0.09140999978408218,85.34984741210937
356,25.7,0.9486832980505138,24.0,27.0,0.15622999742627144,85.34541854858398
357,25.7,0.9486832980505138,24.0,27.0,0.14168999511748553,85.33741836547851
358,25.7,0.9486832980505138,24.0,27.0,-0.07257999908179044,85.31446762084961
359,25.7,0.9486832980505138,24.0,27.0,-0.2210799977183342,85.3035888671875
360,25.7,0.9486832980505138,24.0,27.0,0.143909995816648,85.30048828125
361,25.7,0.9486832980505138,24.0,27.0,0.005159999523311853,85.2834373474121
362,25.7,0.9486832980505138,24.0,27.0,0.10820999750867485,85.33637847900391
363,25.7,0.9486832980505138,24.0,27.0,-0.06315000280737877,85.35071716308593
364,25.7,0.9486832980505138,24.0,27.0,-0.017969998344779015,85.39795684814453
365,25.7,0.9486832980505138,24.0,27.0,0.16109999662730842,85.42610778808594
366,25.7,0.9486832980505138,24.0,27.0,-0.02663999777287245,85.43758773803711
367,25.7,0.9486832980505138,24.0,27.0,0.00037000169977545737,85.46794815063477
368,25.7,0.9486832980505138,24.0,27.0,0.19901999458670616,85.48622817993164
369,25.7,0.9486832980505138,24.0,27.0,0.11239999644458294,85.49284896850585
370,25.8,0.7888106377466155,25.0,27.0,-0.0220200028270483,85.4953369140625
371,25.8,0.7888106377466155,25.0,27.0,-0.002100002020597458,85.5034782409668
372,25.8,0.7888106377466155,25.0,27.0,-0.01872999593615532,85.48010787963867
373,25.8,0.7888106377466155,25.0,27.0,0.043089997861534356,85.469677734375
374,25.8,0.7888106377466155,25.0,27.0,-0.05464000068604946,85.48298797607421
375,25.8,0.7888106377466155,25.0,27.0,0.08601999320089818,85.47492752075195
376,25.8,0.7888106377466155,25.0,27.0,-0.21646999642252923,85.46037979125977
377,25.8,0.7888106377466155,25.0,27.0,-0.1384999979287386,85.44693756103516
378,25.8,0.7888106377466155,25.0,27.0,-0.06721999486908317,85.48695755004883
379,25.8,0.7888106377466155,25.0,27.0,0.02551000416278839,85.51285858154297
380,25.8,0.7888106377466155,25.0,27.0,-0.06406999602913857,85.48526763916016
381,25.8,0.7888106377466155,25.0,27.0,-0.05987999942153692,85.49663848876953
382,25.8,0.7888106377466155,25.0,27.0,0.022659995406866074,85.47561798095703
383,25.8,0.7888106377466155,25.0,27.0,-0.04045999776571989,85.53194656372071
384,25.8,0.7888106377466155,25.0,27.0,-0.044179999828338624,85.50613784790039
385,25.8,0.7888106377466155,25.0,27.0,0.03462000135332346,85.50082778930664
386,25.8,0.7888106377466155,25.0,27.0,-0.026040001213550566,85.5326171875
387,25.8,0.7888106377466155,25.0,27.0,0.12279999499442056,85.56178817749023
388,25.8,0.7888106377466155,25.0,27.0,-0.1371500002220273,85.5698471069336
389,25.8,0.7888106377466155,25.0,27.0,0.03498999997973442,85.58607788085938
390,25.8,0.7888106377466155,25.0,27.0,-0.09386999756097794,85.5959083557129
391,25.8,0.7888106377466155,25.0,27.0,0.10357999820262194,85.59329833984376
392,25.8,0.7888106377466155,25.0,27.0,0.09124999777413904,85.61149826049805
393,25.8,0.7888106377466155,25.0,27.0,0.18112999573349953,85.60840911865235
394,25.8,0.7888106377466155,25.0,27.0,-0.1913899928331375,85.62346801757812
395,25.8,0.7888106377466155,25.0,27.0,-0.02622000053524971,85.63643798828124
396,25.8,0.7888106377466155,25.0,27.0,0.12132999673485756,85.63824768066407
397,25.8,0.7888106377466155,25.0,27.0,0.038149998523294926,85.62673721313476
398,25.8,0.7888106377466155,25.0,27.0,-0.01328000109642744,85.64657821655274
399,25.8,0.7888106377466155,25.0,27.0,0.31053999066352844,85.6691276550293
400,25.8,0.7888106377466155,25.0,27.0,-0.08094999939203262,85.67490844726562
401,25.8,0.7888106377466155,25.0,27.0,-0.04769000113010406,85.69794616699218
402,25.8,0.7888106377466155,25.0,27.0,-0.04275000020861626,85.72064743041992
403,25.8,0.7888106377466155,25.0,27.0,-0.08534999899566173,85.73394927978515
404,25.8,0.7888106377466155,25.0,27.0,0.013020000606775283,85.72279739379883
405,25.8,0.7888106377466155,25.0,27.0,-0.06201000064611435,85.70118713378906
406,25.8,0.7888106377466155,25.0,27.0,0.03892999920062721,85.7021369934082
407,25.8,0.7888106377466155,25.0,27.0,-0.0411499997600913,85.71893768310547
408,25.8,0.7888106377466155,25.0,27.0,-0.05705000190064311,85.6950080871582
409,25.8,0.7888106377466155,25.0,27.0,-0.0387299994006753,85.70357666015624
410,25.8,0.7888106377466155,25.0,27.0,0.04601999893784523,85.70282745361328
411,25.8,0.7888106377466155,25.0,27.0,0.16554999612271787,85.69592895507813
412,25.8,0.7888106377466155,25.0,27.0,-0.012980002909898758,85.73470687866211
413,25.8,0.7888106377466155,25.0,27.0,-0.12038999348878861,85.71611709594727
414,25.8,0.7888106377466155,25.0,27.0,-0.032439999468624595,85.7705291748047
415,25.8,0.7888106377466155,25.0,27.0,0.05628999620676041,85.76673736572266
416,25.8,0.7888106377466155,25.0,27.0,0.13524999469518661,85.7581573486328
417,25.8,0.7888106377466155,25.0,27.0,0.017389998957514762,85.74016799926758
418,25.8,0.7888106377466155,25.0,27.0,0.06153000369668007,85.75121841430663
419,25.8,0.7888106377466155,25.0,27.0,0.08675999343395233,85.7473876953125
420,25.8,0.7888106377466155,25.0,27.0,0.08787999637424945,85.72480850219726
421,25.8,0.7888106377466155,25.0,27.0,-0.13753999806940556,85.68829727172852
422,25.8,0.7888106377466155,25.0,27.0,-0.02295000534504652,85.67253723144532
423,25.8,0.7888106377466155,25.0,27.0,-0.05083999708294869,85.68116836547851
424,25.8,0.7888106377466155,25.0,27.0,0.03578000068664551,85.68672790527344
425,25.8,0.7888106377466155,25.0,27.0,-0.033619999513030054,85.697216796875
426,25.8,0.7888106377466155,25.0,27.0,1.0006129741668701e-05,85.69955749511719
427,25.8,0.7888106377466155,25.0,27.0,-0.018430002406239508,85.69545822143554
428,25.8,0.7888106377466155,25.0,27.0,-0.012579998932778835,85.72329788208008
429,25.8,0.7888106377466155,25.0,27.0,0.03628999814391136,85.73888778686523
430,25.9,0.7378647873726218,25.0,27.0,0.0846999991685152,85.73795776367187
431,25.9,0.7378647873726218,25.0,27.0,0.022429995017591863,85.77804794311524
432,25.9,0.7378647873726218,25.0,27.0,-0.046359998546540736,85.7894790649414
433,25.9,0.7378647873726218,25.0,27.0,0.01687000077217817,85.77584686279297
434,25.9,0.7378647873726218,25.0,27.0,0.0313000001013279,85.80189743041993
435,25.9,0.7378647873726218,25.0,27.0,-0.09991999492049217,85.80718688964843
436,25.9,0.7378647873726218,25.0,27.0,-0.10264999568462371,85.83987808227539
437,25.9,0.7378647873726218,25.0,27.0,-0.0073900006711483,85.84930801391602
438,25.9,0.7378647873726218,25.0,27.0,-0.004919998347759247,85.8418571472168
439,25.9,0.7378647873726218,25.0,27.0,0.16185000129044055,85.83126754760742
440,25.9,0.7378647873726218,25.0,27.0,0.052079996466636656,85.82441711425781
441,25.9,0.7378647873726218,25.0,27.0,-0.040350000560283664,85.81676864624023
442,25.9,0.7378647873726218,25.0,27.0,0.08316999822854995,85.88165740966797
443,25.9,0.7378647873726218,25.0,27.0,0.2707099877297878,85.84359741210938
444,25.9,0.7378647873726218,25.0,27.0,0.10738999359309673,85.84301834106445
445,25.9,0.7378647873726218,25.0,27.0,-0.02362000197172165,85.8693473815918
446,26.0,0.6666666666666666,25.0,27.0,0.20861000028671697,85.86339721679687
447,26.0,0.6666666666666666,25.0,27.0,-0.06918999701738357,85.8494483947754
448,26.0,0.6666666666666666,25.0,27.0,-0.18453999999910592,85.85376815795898
449,26.0,0.6666666666666666,25.0,27.0,-0.11136999987065792,85.82170867919922
450,26.0,0.6666666666666666,25.0,27.0,0.032069998886436225,85.83854751586914
451,26.0,0.6666666666666666,25.0,27.0,0.019739996735006572,85.8753677368164
452,26.0,0.6666666666666666,25.0,27.0,0.06095000207424164,85.85521697998047
453,26.0,0.6666666666666666,25.0,27.0,-0.008790001505985856,85.86005783081055
454,26.0,0.6666666666666666,25.0,27.0,-0.0035700000822544097,85.81935806274414
455,26.0,0.6666666666666666,25.0,27.0,-0.05285999625921249,85.84646682739258
456,26.0,0.6666666666666666,25.0,27.0,0.05162000022828579,85.88518753051758
457,26.0,0.6666666666666666,25.0,27.0,-0.026680001616477968,85.87914733886718
458,26.0,0.6666666666666666,25.0,27.0,-0.14640000015497207,85.87544784545898
459,26.0,0.6666666666666666,25.0,27.0,-0.040819999761879444,85.86513824462891
460,26.0,0.6666666666666666,25.0,27.0,-0.08963999762199819,85.85198745727538
461,26.0,0.6666666666666666,25.0,27.0,0.0023599959909915923,85.84622802734376
462,26.0,0.6666666666666666,25.0,27.0,0.1332600012421608,85.8437385559082
463,26.0,0.6666666666666666,25.0,27.0,0.11273999360855669,85.83402709960937
464,26.0,0.6666666666666666,25.0,27.0,0.18276999734807758,85.86551666259766
465,26.0,0.6666666666666666,25.0,27.0,-0.04110999535769224,85.86083755493163
466,26.0,0.6666666666666666,25.0,27.0,0.04372999733313918,85.84369888305665
467,26.0,0.6666666666666666,25.0,27.0,0.011920004338026046,85.83454666137695
468,26.0,0.6666666666666666,25.0,27.0,0.03449999955482781,85.83645858764649
469,26.0,0.6666666666666666,25.0,27.0,0.06736999452114105,85.83414840698242
470,26.0,0.6666666666666666,25.0,27.0,0.13050999250262976,85.81218795776367
471,26.0,0.6666666666666666,25.0,27.0,-0.038490000367164615,85.8230972290039
472,26.0,0.6666666666666666,25.0,27.0,-0.13499999679625035,85.80261764526367
473,26.0,0.6666666666666666,25.0,27.0,0.11079000122845173,85.8133171081543
474,26.0,0.6666666666666666,25.0,27.0,-0.06163999196141958,85.82867736816407
475,26.0,0.6666666666666666,25.0,27.0,-0.15610999325290323,85.82890853881835
476,26.0,0.6666666666666666,25.0,27.0,-0.038729998469352725,85.8544075012207
477,26.0,0.6666666666666666,25.0,27.0,0.014629998244345188,85.83622741699219
478,26.0,0.6666666666666666,25.0,27.0,0.0333999989554286,85.86044692993164
479,26.0,0.6666666666666666,25.0,27.0,0.010199996829032897,85.87451705932617
480,26.0,0.6666666666666666,25.0,27.0,-0.18906999304890632,85.87513809204101
481,26.0,0.6666666666666666,25.0,27.0,-0.0581399992108345,85.87280731201172
482,26.0,0.6666666666666666,25.0,27.0,0.0828399977646768,85.89898834228515
483,26.0,0.6666666666666666,25.0,27.0,0.10581999914720655,85.88677749633788
484,26.0,0.6666666666666666,25.0,27.0,-0.08547000177204608,85.8860580444336
485,26.0,0.6666666666666666,25.0,27.0,-0.20857999250292777,85.92173767089844
486,26.0,0.6666666666666666,25.0,27.0,0.19931999184191226,85.9009780883789
487,26.0,0.6666666666666666,25.0,27.0,-0.12503999695181847,85.90901794433594
488,26.0,0.6666666666666666,25.0,27.0,-0.028509996272623538,85.88971710205078
489,26.0,0.6666666666666666,25.0,27.0,0.1765599968843162,85.90715866088867
490,26.0,0.6666666666666666,25.0,27.0,-0.011649999296059832,85.90397644042969
491,26.0,0.6666666666666666,25.0,27.0,-0.008549998328089715,85.90319747924805
492,26.0,0.6666666666666666,25.0,27.0,0.11709999814629554,85.89267654418946
493,26.0,0.6666666666666666,25.0,27.0,0.13919999822974205,85.8683074951172
494,26.0,0.6666666666666666,25.0,27.0,0.14384999871253967,85.89435806274415
495,26.0,0.6666666666666666,25.0,27.0,0.07949999310076236,85.90189819335937
496,26.0,0.6666666666666666,25.0,27.0,0.1391599964350462,85.88531799316407
497,26.0,0.6666666666666666,25.0,27.0,-0.22004999909549952,85.90565719604493
498,26.0,0.6666666666666666,25.0,27.0,0.012520000711083413,85.8767074584961
499,26.0,0.6666666666666666,25.0,27.0,-0.00421999841928482,85.88145751953125
500,26.0,0.6666666666666666,25.0,27.0,0.03671999927610159,85.88827667236328
